photo_id,airline,aircraft_variant,registration,msn,location,date,photographer,image_filename,caption
8126221,Beta Cargo,Boeing 707-323C,PP-BRG,19586,Florianopolis - Hercilio Luz (FLN / SBFL),"August 28, 2007",Jaka,8126221.jpg,Landing from Porto Alegre.
8130357,Cielos del Peru Cargo,McDonnell Douglas DC-10-30(F),N614GC,46931,Los Angeles - International (LAX / KLAX),,Andrew Hunt,8130357.jpg,
8130353,Star Alliance,McDonnell Douglas MD-11,PP-VTH,48457,Los Angeles - International (LAX / KLAX),,Andrew Hunt,8130353.jpg,
8130339,VASP,Boeing 737-33R,PP-SFK,28868,Florianopolis - Hercilio Luz (FLN / SBFL),"July 2, 2000",Jaka,8130339.jpg,Scanned Picture.
8130191,AirLanka,Boeing 707-312B,4R-ALA,19738,Frankfurt am Main (Rhein-Main AB) (FRA / EDDF / FRF),1980,Wolfgang Mendorf,8130191.jpg,
8130185,USA - Air Force,Boeing VC-137C (707-353B),62-6000,18461,Cologne / Bonn (- Konrad Adenauer / Wahn) (CGN / EDDK),1987,Wolfgang Mendorf,8130185.jpg,Presidential aircraft
8130183,Olympic Airways,Boeing 720-051B,SX-DBM,18687 / 351,Dusseldorf - International (Rhein-Ruhr / Lohausen) (DUS / EDDL),1977,Wolfgang Mendorf,8130183.jpg,Short-lived experimental livery with the cheatline bending up to the tail
8130207,Aeroflot,Tupolev Tu-154B-2,UN-85589,83A589,Cologne / Bonn (- Konrad Adenauer / Wahn) (CGN / EDDK),1993,Wolfgang Mendorf,8130207.jpg,
8130201,Irtysh Avia,Yakovlev Yak-42D,UN-42338,4520423606256,Cologne / Bonn (- Konrad Adenauer / Wahn) (CGN / EDDK),1997,Wolfgang Mendorf,8130201.jpg,Basic Lithuanian Airlines livery
8130199,Bosna Air,Yakovlev Yak-42D,RA-42385,4520423016309,Dusseldorf - International (Rhein-Ruhr / Lohausen) (DUS / EDDL),1993,Wolfgang Mendorf,8130199.jpg,
8130193,Antonov Design Bureau,Antonov An-124-100 Ruslan,CCCP-82027,19530502288,Dusseldorf - International (Rhein-Ruhr / Lohausen) (DUS / EDDL),1991,Wolfgang Mendorf,8130193.jpg,Basic Aeroflot livery with additional Air Foyle and Cargolux markings
8130219,Mandarin Airlines,McDonnell Douglas MD-11,B-150,48468,Amsterdam - Schiphol (AMS / EHAM),1993,Wolfgang Mendorf,8130219.jpg,
8130217,Thai Airways International,McDonnell Douglas MD-11,HS-TMD,48416,Amsterdam - Schiphol (AMS / EHAM),1993,Wolfgang Mendorf,8130217.jpg,Original livery
8130213,Meta Aviotransport Macedonia,Tupolev Tu-154M,RA-85745,92A928,Dusseldorf - International (Rhein-Ruhr / Lohausen) (DUS / EDDL),1993,Wolfgang Mendorf,8130213.jpg,
8130241,Aviogenex,Boeing 727-277/Adv,YU-AKR,20549,Maastricht / Aachen (- Beek / Zuid Limburg) (MST / EHBK),1990,Wolfgang Mendorf,8130241.jpg,Basic Braniff livery
8130233,Lineas Aereas Paraguayas,McDonnell Douglas DC-10-30,N602DC,46976,Frankfurt am Main (Rhein-Main AB) (FRA / EDDF / FRF),1993,Wolfgang Mendorf,8130233.jpg,
8130225,Western Airlines,McDonnell Douglas DC-10-30,N821L,47848,London - Gatwick (LGW / EGKK),1981,Wolfgang Mendorf,8130225.jpg,
8130221,Alia - Royal Jordanian Airline,Lockheed L-1011-385-3 TriStar 500,JY-AGC,293A-1220,Frankfurt am Main (Rhein-Main AB) (FRA / EDDF / FRF),1982,Wolfgang Mendorf,8130221.jpg,
8130259,Pan Adria,McDonnell Douglas DC-9-32,YU-AJF,47570,Dusseldorf - International (Rhein-Ruhr / Lohausen) (DUS / EDDL),1974,Wolfgang Mendorf,8130259.jpg,"Small ""Leased by Inex-Adria Airways"" markings beside door"
8130253,Altair,Sud SE-210 Caravelle III,I-GISA,21,Cologne / Bonn (- Konrad Adenauer / Wahn) (CGN / EDDK),1982,Wolfgang Mendorf,8130253.jpg,Original livery
8130249,Air Toulouse International,Sud SE-210 Caravelle 10B3 Super B,F-BMKS,181,Dusseldorf - International (Rhein-Ruhr / Lohausen) (DUS / EDDL),1992,Wolfgang Mendorf,8130249.jpg,
8130245,Air Columbus,Boeing 727-270/Adv,OY-SBI,23052,Dusseldorf - International (Rhein-Ruhr / Lohausen) (DUS / EDDL),1992,Wolfgang Mendorf,8130245.jpg,Basic Sterling livery
8130263,Unifly Express,McDonnell Douglas MD-83 (DC-9-83),EI-BTV,49620,Dusseldorf - International (Rhein-Ruhr / Lohausen) (DUS / EDDL),1988,Wolfgang Mendorf,8130263.jpg,
8130097,CityBird,McDonnell Douglas MD-11,OO-CTB,48766,Brussels - National (Zaventem) / Melsbroek (BRU / EBBR / EBMB),1998,Wolfgang Mendorf,8130097.jpg,
8130113,Untitled,Antonov An-12BP,LZ-SFM,401705,Dusseldorf - International (Rhein-Ruhr / Lohausen) (DUS / EDDL),1994,Wolfgang Mendorf,8130113.jpg,Minus titles and logo
8130107,Aeroflot,Antonov An-12B,CCCP-11107,01347809,Dusseldorf - International (Rhein-Ruhr / Lohausen) (DUS / EDDL),1975,Wolfgang Mendorf,8130107.jpg,
8130101,Southern Air Transport,Lockheed L-100-20 Hercules (L-382E),N9266R,382-4250,Frankfurt am Main (Rhein-Main AB) (FRA / EDDF / FRF),1981,Wolfgang Mendorf,8130101.jpg,Weight-saving bare metal livery
8130129,Air Atlantique,Douglas C-47B Dakota 4 (DC-3),G-ANAF,33436/16688,Maastricht / Aachen (- Beek / Zuid Limburg) (MST / EHBK),1984,Wolfgang Mendorf,8130129.jpg,British Caledonian sticker
8130123,Delta Air Transport - DAT,Convair 440-62 Metropolitan,OO-VGU,349,Dusseldorf - International (Rhein-Ruhr / Lohausen) (DUS / EDDL),1976,Wolfgang Mendorf,8130123.jpg,Revised livery
8130121,Partnair,Convair 580,LN-BWG,42,Dusseldorf - International (Rhein-Ruhr / Lohausen) (DUS / EDDL),1988,Wolfgang Mendorf,8130121.jpg,
8130141,Cubana,Ilyushin Il-62M,CU-T1283,4053823,Brussels - National (Zaventem) / Melsbroek (BRU / EBBR / EBMB),1996,Wolfgang Mendorf,8130141.jpg,Final livery
8130139,Tesis,Ilyushin Il-76TD,RA-76791,0093497936,Maastricht / Aachen (- Beek / Zuid Limburg) (MST / EHBK),1996,Wolfgang Mendorf,8130139.jpg,
8130137,Sayakhat Airlines,Ilyushin Il-76TD,CCCP-76442,1023414450,Dusseldorf - International (Rhein-Ruhr / Lohausen) (DUS / EDDL),1993,Wolfgang Mendorf,8130137.jpg,
8130133,Eastern Airways,Douglas C-47B Dakota 4 (DC-3),G-AMPO,33185/16437,Dusseldorf - International (Rhein-Ruhr / Lohausen) (DUS / EDDL),1979,Wolfgang Mendorf,8130133.jpg,
8130153,Loftleidir - Icelandic Airlines,McDonnell Douglas DC-8-63CF,TF-FLA,46020,Dusseldorf - International (Rhein-Ruhr / Lohausen) (DUS / EDDL),1976,Wolfgang Mendorf,8130153.jpg,
8130151,EFS Cargo,McDonnell Douglas DC-8-61CF,N8956U,45949,Dusseldorf - International (Rhein-Ruhr / Lohausen) (DUS / EDDL),1975,Wolfgang Mendorf,8130151.jpg,Basic Saturn Airways colours with Seaboard World Airlines sticker
8130143,LOT - Polish Airlines / Polskie Linie Lotnicze,Ilyushin Il-62M,SP-LBG,3344942,Frankfurt am Main (Rhein-Main AB) (FRA / EDDF / FRF),1984,Wolfgang Mendorf,8130143.jpg,
8130181,United Parcel Service - UPS,Boeing 747-123(SF),N674UP,20100,Dusseldorf - International (Rhein-Ruhr / Lohausen) (DUS / EDDL),1988,Wolfgang Mendorf,8130181.jpg,Original livery
8130179,Wardair Canada,Boeing 747-1D1,C-FDJC,20208,Dusseldorf - International (Rhein-Ruhr / Lohausen) (DUS / EDDL),1978,Wolfgang Mendorf,8130179.jpg,Original style titles
8109757,Patrouille Tranchant,Fouga CM-170R Magister,F-GKYF,315,La Ferte-Alais  (LFFQ),"May 23, 2026",Giorgio Varisco,8109757.jpg,"Patrouille Aéro-Club de France: the jet diamond is formed by Patrouille Tranchant's Fouga Magisters, while the propeller diamond is formed by aerobatic champions Bertrand Boillot, Nicolas Ivanoff, Aude Lemordant and the Aéro-Club President Catherine Manoury. Le Temps des Hélices 2026."
8130161,Summit Air,ATR ATR-72-202,C-GOSA,437,Yellowknife (YZF / CYZF),"June 7, 2026",M. Oswald,8130161.jpg,"Del. 1995 to Olympic Aviation (SX-BIL), other operators: Olympic Airlines, West Air Sweden, OLT, Cimber, SAS, West Atlantic Sweden. With Summit Air since 2016."
8130287,Acasta HeliFlight,Aerospatiale AS-350B-2 Ecureuil,C-GBTB,2518,Yellowknife (YZF / CYZF),"June 12, 2026",M. Oswald,8130287.jpg,
8130277,Canadian North,ATR ATR-42-500,C-FTIR,503,Yellowknife (YZF / CYZF),"June 12, 2026",M. Oswald,8130277.jpg,"Del. in 1996 to Continental Express Airlines. Other operators: Air France (Airlinair), Tassili Airlines, Air Deccan, Kingfisher Airlines, Azul, First Air. With Canadian North since 2019."
8130099,Untitled,Cirrus SR-22 GTS-G7 Carbon,D-EPNZ,10525,Trento - Mattarello (Gianni Caproni)  (LIDT),"June 18, 2026",Cristian Magro,8130099.jpg,
8130115,Canadian North,ATR ATR-42-500,C-FTID,0510,Yellowknife (YZF / CYZF),"June 7, 2026",M. Oswald,8130115.jpg,"Built in 1996 and delivered to Continental Express Airlines, reg. N16450. Other operators: ACES Colombia, Air Deccan, Kingfisher Airlines, Azul. With Canadian North since 2019."
8109701,Untitled,Bombardier Challenger 350 (BD-100-1A10),N599JF,20632,Las Vegas - McCarran International (LAS / KLAS),"January 5, 2026",Jason Whitebird,8109701.jpg,
8109695,Southwest Airlines,Boeing 737-7H4,N268WN,32524,Las Vegas - McCarran International (LAS / KLAS),"January 5, 2026",Jason Whitebird,8109695.jpg,
8109693,Southwest Airlines,Boeing 737-8 MAX,N8822Q,67479,Las Vegas - McCarran International (LAS / KLAS),"January 5, 2026",Jason Whitebird,8109693.jpg,
8109689,Breeze Airways,Airbus A220-300,N218BZ,55184,Las Vegas - McCarran International (LAS / KLAS),"January 5, 2026",Jason Whitebird,8109689.jpg,
8109685,Volaris,Airbus A321-231,XA-VLH,6558,Las Vegas - McCarran International (LAS / KLAS),"January 5, 2026",Jason Whitebird,8109685.jpg,
8109679,China Aviation Industry General Aircraft,AVIC AG600M,B-130P,1101,Shaoguan - Danxia (HSC / ZGSG),"April 26, 2026",Jack Li,8109679.jpg,
8109625,American Airlines,Airbus A321-231,N909AM,7756,Las Vegas - McCarran International (LAS / KLAS),"March 13, 2024",joseacampelo,8109625.jpg,
8109637,China Southern Airlines,Airbus A320-232,B-1828,6078,Dalian - Zhoushuizi (DLC / ZYTL),"December 8, 2025",Ronnie Zhou,8109637.jpg,
8109641,China Southern Airlines,Airbus A321-231,B-2285,1995,Dalian - Zhoushuizi (DLC / ZYTL),"December 8, 2025",Ronnie Zhou,8109641.jpg,
8109661,Air Baltic,Airbus A220-300,YL-ABW,55308,Helsinki - Vantaa (HEL / EFHK),"April 20, 2026",Teemu Pesonen,8109661.jpg,On short final for runway 04L as Air Baltic 30W from Riga.
8109619,Kuwait Airways,Boeing 777-369/ER,9K-AOL,62569,London - Heathrow (LHR / EGLL),"May 22, 2026",Nelson Sousa,8109619.jpg,
8109599,Untitled,Jodel D-112,HB-SVL,459,Leer / Papenburg (- Nuttermoor)  (EDWF),May 2026,Stefan Sydow,8109599.jpg,
8109601,Untitled,CEA DR-1050 Sicile Record,HB-EFP,338,Leer / Papenburg (- Nuttermoor)  (EDWF),May 2026,Stefan Sydow,8109601.jpg,
8109605,Transavia Airlines,Boeing 737-8K2,PH-HXG,41355,Ljubljana (- Brnik) (LJU / LJLJ),"April 16, 2017",Borut Smrdelj,8109605.jpg,[Canon 80D + Canon EF 70-200 f4L].
8109607,Untitled,Doflug Bu-131B Jungmann,HB-UUH,76,Leer / Papenburg (- Nuttermoor)  (EDWF),May 2026,Stefan Sydow,8109607.jpg,
8109385,SunExpress,Boeing 737-8 MAX,TC-SMZ,42827,Glasgow - International (Abbotsinch) (GLA / EGPF),"April 10, 2026",JohnRMurdoch,8109385.jpg,XQ565 departing to AYT
8109439,Oneworld,Boeing 787-9 Dreamliner,JA861J,35422,Tokyo - Narita International (New Tokyo) (NRT / RJAA),"May 30, 2026",Kazuchika Naya,8109439.jpg,
8109395,Ryanair,Boeing 737-8 MAX 200,EI-HGG,62316,Lanzarote (- Arrecife) (ACE / GCRR),"May 31, 2026",Florencio F Martin Melian,8109395.jpg,
8109391,Untitled,Bolkow BO-208 Junior,D-EFMB,632,Speyer  (EDRY),"May 9, 2026",Viktor Horst,8109391.jpg,
8109459,China Southern Airlines,Airbus A321-251NX,B-32M7,12564,Shanghai - Hongqiao (SHA / ZSSS),"May 5, 2026",Stefano R.,8109459.jpg,
8109451,Wings and Water (Te Anau) Ltd,Cessna U206G,ZK-DRI,U20604924,Lake Te Anau [OFF AIRPORT],"April 9, 2026",Phil Hosking,8109451.jpg,"Lake Te Anau Wings & Water Seaplanes - On route to Milford Sound I decided to check out the lake and I was hoping to see a seaplane mored on the waters. Alas, success... the light was perfect too, as a result of the early rise and drive from Queenstown."
8109463,Untitled,Van's RV-7A,PH-ADS,73833,Trento - Mattarello (Gianni Caproni)  (LIDT),"May 23, 2026",Cristian Magro,8109463.jpg,
8130203,Qatar Airways Cargo,Boeing 777-FDZ,A7-BTD,70442,Budapest - Ferenc Liszt (Ferihegy) (BUD / LHBP),"June 29, 2026",Tekler Zsolt,8130203.jpg,
8109543,Vueling Airlines,Airbus A320-214,EC-MCU,3907,London - Heathrow (LHR / EGLL),"May 22, 2026",Nelson Sousa,8109543.jpg,
8109549,Saudia - Saudi Arabian Airlines,Boeing 777-368/ER,HZ-AK30,42268,London - Heathrow (LHR / EGLL),"May 22, 2026",Nelson Sousa,8109549.jpg,
8109555,KLM Cityhopper,Embraer 195 E2 STD (ERJ-190-400STD),PH-NXY,19020174,London - Heathrow (LHR / EGLL),"May 22, 2026",Nelson Sousa,8109555.jpg,
8109569,Aer Lingus,Airbus A320-251N,EI-NSE,12190,London - Heathrow (LHR / EGLL),"May 22, 2026",Nelson Sousa,8109569.jpg,
8109577,DRF Luftrettung,Airbus Helicopters H145,D-HILF,20324,Dortmund - Wickede (DTM / EDLW),May 2026,Stefan Sydow,8109577.jpg,
8109573,Condor,Airbus A320-214,D-AICS,4478,Dortmund - Wickede (DTM / EDLW),June 2026,Stefan Sydow,8109573.jpg,
8109579,Italy - Carabinieri,Agusta Westland UH-169C,MM82139,72022,Bolzano (- Dolomiti / G. Sabelli) (BZO / LIPB),"May 22, 2026",Cristian Magro,8109579.jpg,
8109581,Untitled,Honda HA-420 HondaJet,OE-FUA,42000098,Dortmund - Wickede (DTM / EDLW),May 2026,Stefan Sydow,8109581.jpg,
8109585,Untitled,Cessna 680A Citation Latitude,N983QS,680A-0445,Dortmund - Wickede (DTM / EDLW),May 2026,Stefan Sydow,8109585.jpg,
8109587,British Airways,Airbus A320-251N,G-TTNF,8408,London - Heathrow (LHR / EGLL),"May 22, 2026",Nelson Sousa,8109587.jpg,
8109595,Untitled,Bolkow BO-208C Junior,PH-UPF,637,Leer / Papenburg (- Nuttermoor)  (EDWF),May 2026,Stefan Sydow,8109595.jpg,
8109593,Untitled,Bolkow BO-208C Junior,HB-UXN,513,Leer / Papenburg (- Nuttermoor)  (EDWF),May 2026,Stefan Sydow,8109593.jpg,
8109597,Virgin Atlantic Airways,Boeing 787-9 Dreamliner,G-VWOO,37979,London - Heathrow (LHR / EGLL),"May 22, 2026",Nelson Sousa,8109597.jpg,
8109487,Oneworld,Boeing 777-236/ER,G-YMMR,36516,New York - John F. Kennedy International (Idlewild) (JFK / KJFK),"August 9, 2024",airnovation,8109487.jpg,"A very hard to see bird at JFK, considering the many times BA sends the 772 to JFK."
8109491,Icelandair,Boeing 767-319/ER,TF-ISN,30586,New York - John F. Kennedy International (Idlewild) (JFK / KJFK),"August 9, 2024",airnovation,8109491.jpg,
8109489,ITA Airways,Airbus A330-941N,EI-TYA,2047,New York - John F. Kennedy International (Idlewild) (JFK / KJFK),"August 9, 2024",airnovation,8109489.jpg,
8109497,British Airways,Airbus A321-251NX,G-TNED,11585,London - Heathrow (LHR / EGLL),"May 22, 2026",Nelson Sousa,8109497.jpg,
8109507,British Airways,Airbus A321-251NX,G-TNEI,12706,London - Heathrow (LHR / EGLL),"May 22, 2026",Nelson Sousa,8109507.jpg,
8109501,British Airways,Boeing 787-8 Dreamliner,G-ZBJA,38609,London - Heathrow (LHR / EGLL),"May 22, 2026",Nelson Sousa,8109501.jpg,
8109517,Lufthansa,Boeing 747-430,D-ABTL,29872,Washington - Dulles International (IAD / KIAD),"January 1, 2025",Mikhail Okrochkov,8109517.jpg,
8109513,British Airways,Airbus A321-251NX,G-TNEH,12648,London - Heathrow (LHR / EGLL),"May 22, 2026",Nelson Sousa,8109513.jpg,
8109521,Korean Air,Boeing 777-3B5/ER,HL8007,43515,Washington - Dulles International (IAD / KIAD),"January 20, 2025",Mikhail Okrochkov,8109521.jpg,
8109519,Virgin Atlantic Airways,Airbus A350-1041,G-VPRD,319,London - Heathrow (LHR / EGLL),"May 22, 2026",Nelson Sousa,8109519.jpg,
8109535,United Airlines,Boeing 777-322/ER,N2644U,63724,Washington - Dulles International (IAD / KIAD),"January 1, 2025",Mikhail Okrochkov,8109535.jpg,
8109529,Virgin Atlantic Airways,Airbus A330-941,G-VPIE,2077,London - Heathrow (LHR / EGLL),"May 22, 2026",Nelson Sousa,8109529.jpg,
8109527,British Airways,Boeing 787-8 Dreamliner,G-ZBJD,38619,London - Heathrow (LHR / EGLL),"May 22, 2026",Nelson Sousa,8109527.jpg,
8130009,Untitled,Reims F172D Skyhawk,D-ENFY,0018/50303,Koblenz - Winningen  (EDRK),"May 25, 2017",Daniel Schwinn,8130009.jpg,
8130003,Untitled,Cessna 177B Cardinal II,VH-JKI,17702520,Sydney - Bankstown (BWU / YSBK),"June 24, 2026",Paul McCarthy,8130003.jpg,
8109539,Virgin Atlantic Airways,Airbus A330-941N,G-VEYR,2078,London - Heathrow (LHR / EGLL),"May 22, 2026",Nelson Sousa,8109539.jpg,
8130067,Buffalo Airways,Beech A100 King Air,C-GVMI,B-222,Yellowknife (YZF / CYZF),"June 11, 2026",M. Oswald,8130067.jpg,ex V3-HHS Tropicair.
8130053,Hainan Airlines,Airbus A320-251N,B-32RW,13216,Beijing - Capital (PEK / ZBAA),"June 4, 2026",L.S.,8130053.jpg,
8129201,Aeroflot,Antonov An-12B,RA-11338,3341506,Maastricht / Aachen (- Beek / Zuid Limburg) (MST / EHBK),1993,Wolfgang Mendorf,8129201.jpg,
8129197,Air Algerie,Lockheed L-100-30 Hercules (L-382G),7T-VHG,382-4880,Dusseldorf - International (Rhein-Ruhr / Lohausen) (DUS / EDDL),1985,Wolfgang Mendorf,8129197.jpg,
8129369,Air France,Aerospatiale SN-601 Corvette 100,F-BVPB,6,Dusseldorf - International (Rhein-Ruhr / Lohausen) (DUS / EDDL),1974,Wolfgang Mendorf,8129369.jpg,
8129373,Tunisair,Sud SE-210 Caravelle III,TS-MAC,207,Dusseldorf - International (Rhein-Ruhr / Lohausen) (DUS / EDDL),1975,Wolfgang Mendorf,8129373.jpg,Final livery
8129381,Sultan Air,Sud SE-210 Caravelle 10B3 Super B,TC-JUN,259,Dusseldorf - International (Rhein-Ruhr / Lohausen) (DUS / EDDL),1989,Wolfgang Mendorf,8129381.jpg,Basic Transwede livery
8129393,Unifly,Fokker F-28-1000 Fellowship,I-TIAP,11009,Dusseldorf - International (Rhein-Ruhr / Lohausen) (DUS / EDDL),1987,Wolfgang Mendorf,8129393.jpg,Basic Braathens livery
8127683,Air Nova,British Aerospace BAe-146-200A,C-GRNT,E2140,Halifax - Robert L Stanfield International (YHZ / CYHZ),"October 8, 1994",Udo K. Haafke,8127683.jpg,
8129221,Aeroflot,Ilyushin Il-62M,RA-86129,2255525,Dusseldorf - International (Rhein-Ruhr / Lohausen) (DUS / EDDL),1993,Wolfgang Mendorf,8129221.jpg,
8129225,Ukraine - Government,Ilyushin Il-62M,UR-86528,4038111,Maastricht / Aachen (- Beek / Zuid Limburg) (MST / EHBK),1998,Wolfgang Mendorf,8129225.jpg,
8129233,Dan-Air London,De Havilland DH-106 Comet 4C,G-AROV,06460,Dusseldorf - International (Rhein-Ruhr / Lohausen) (DUS / EDDL),1976,Wolfgang Mendorf,8129233.jpg,Rare mixture of old coloured fuselage and new tail colours
8129337,AirLanka,Lockheed L-1011-385-1 TriStar 1,4R-ALE,193E-1047,Frankfurt am Main (Rhein-Main AB) (FRA / EDDF / FRF),1980,Wolfgang Mendorf,8129337.jpg,
8129329,Hawaiian Air,Lockheed L-1011-385-1 TriStar 50,N766BE,193P-1112,Dusseldorf - International (Rhein-Ruhr / Lohausen) (DUS / EDDL),1991,Wolfgang Mendorf,8129329.jpg,
8129345,British Airways,Hawker Siddeley HS-121 Trident 3B,G-AWZP,2317,Dusseldorf - International (Rhein-Ruhr / Lohausen) (DUS / EDDL),1975,Wolfgang Mendorf,8129345.jpg,Basic BEA livery
8129349,Untitled,McDonnell Douglas DC-10-10,N102UA,46905,Dusseldorf - International (Rhein-Ruhr / Lohausen) (DUS / EDDL),1992,Wolfgang Mendorf,8129349.jpg,
8129353,Premiair,McDonnell Douglas DC-10-10,OY-CNY,46983,Dusseldorf - International (Rhein-Ruhr / Lohausen) (DUS / EDDL),2000,Wolfgang Mendorf,8129353.jpg,
8129355,Lufthansa,Boeing 727-230/Adv,D-ABTI,20790,Dusseldorf - International (Rhein-Ruhr / Lohausen) (DUS / EDDL),1989,Wolfgang Mendorf,8129355.jpg,Grey Condor fuselage
8129359,Air Malta,Boeing 727-51,N287AT,18805,Amsterdam - Schiphol (AMS / EHAM),1987,Wolfgang Mendorf,8129359.jpg,Basic ATA - American Trans Air livery
8129367,Air Alsace,VFW-Fokker VFW-614,F-GATI,G15,Dusseldorf - International (Rhein-Ruhr / Lohausen) (DUS / EDDL),1978,Wolfgang Mendorf,8129367.jpg,
8123501,Slovakia - Air Force,Aero L-39ZA Albatros,4711,934711,Bratislava - M.R. Stefanik (Ivanka) (BTS / LZIB),August 1994,Karel Nemec,8123501.jpg,
8130047,Turkish Airlines,McDonnell Douglas DC-9-32,TC-JAG,47442,Dusseldorf - International (Rhein-Ruhr / Lohausen) (DUS / EDDL),1982,Wolfgang Mendorf,8130047.jpg,Rather short-lived experimental livery
8129739,Eastern Air Lines,Boeing 757-225,N502EA,22192,Toronto - Lester B. Pearson International (Malton) (YYZ / CYYZ),April 1989,Gerhard Plomitzer,8129739.jpg,
8129725,Trans World Airlines - TWA,Boeing 747-131,N93108,19674,Frankfurt am Main (Rhein-Main AB) (FRA / EDDF / FRF),July 1986,Gerhard Plomitzer,8129725.jpg,"A classic series 131 Boeing 747 operated by an airline gone, but not forgotten."
8130055,Gas Airlines,BAC 111-424EU One-Eleven,YR-BCE,165,Dusseldorf - International (Rhein-Ruhr / Lohausen) (DUS / EDDL),1987,Wolfgang Mendorf,8130055.jpg,Leased from TAROM
8130051,Inex-Adria Airways,McDonnell Douglas MD-82 (DC-9-82),YU-ANC,48087,Dusseldorf - International (Rhein-Ruhr / Lohausen) (DUS / EDDL),1982,Wolfgang Mendorf,8130051.jpg,Basic Republic livery
8129245,Kabo Air,Douglas DC-8-55(F),5N-AWE,45753,Ostend / Bruges (OST / EBOS),1989,Wolfgang Mendorf,8129245.jpg,Basic Icelandair livery
8129239,Lineas Aereas Paraguayas,McDonnell Douglas DC-8-63,ZP-CCH,46115,Frankfurt am Main (Rhein-Main AB) (FRA / EDDF / FRF),1988,Wolfgang Mendorf,8129239.jpg,
8129247,Swissair,Convair 990A Coronado (30A-6),HB-ICH,30-10-17,Dusseldorf - International (Rhein-Ruhr / Lohausen) (DUS / EDDL),1973,Wolfgang Mendorf,8129247.jpg,Those were the days when smoking was common while flying...
8129249,British Airways,Aerospatiale-British Aerospace Concorde 102,G-BOAG,214,Fairford (FFD / EGVA),1985,Wolfgang Mendorf,8129249.jpg,Landor design
8129279,World Airways,Boeing 747-273C,N748WA,20652,Dusseldorf - International (Rhein-Ruhr / Lohausen) (DUS / EDDL),1975,Wolfgang Mendorf,8129279.jpg,
8129295,Tropical Airways,Boeing 707-351C,N2215Y,19631,Frankfurt am Main (Rhein-Main AB) (FRA / EDDF / FRF),1986,Wolfgang Mendorf,8129295.jpg,
8129285,Trans World Airlines - TWA,Boeing 707-331B,N18709,18985,Dusseldorf - International (Rhein-Ruhr / Lohausen) (DUS / EDDL),1976,Wolfgang Mendorf,8129285.jpg,Early livery
8129281,Swissair,Boeing 747-257B,HB-IGA,20116,Zurich (- Kloten) (ZRH / LSZH),1973,Wolfgang Mendorf,8129281.jpg,Original livery
8129305,VIPAir,Tupolev Tu-154M,UN-85782,93A966,Dusseldorf - International (Rhein-Ruhr / Lohausen) (DUS / EDDL),1998,Wolfgang Mendorf,8129305.jpg,
8129303,Lithuanian Airlines,Yakovlev Yak-42D,LY-AAW,4520423811417,Amsterdam - Schiphol (AMS / EHAM),1993,Wolfgang Mendorf,8129303.jpg,
8129299,Monarch Airlines,Boeing 720-023B,G-BCBA,18014,London - Gatwick (LGW / EGKK),1981,Wolfgang Mendorf,8129299.jpg,
8129323,Delta Air Lines,McDonnell Douglas MD-11,N806DE,48477,Frankfurt am Main (Rhein-Main AB) (FRA / EDDF / FRF),1999,Wolfgang Mendorf,8129323.jpg,Original livery
8129319,Orbi - Georgian Airways,Tupolev Tu-154B-2,GR-85430,80A430,Eindhoven (- Welschap) (EIN / EHEH),1993,Wolfgang Mendorf,8129319.jpg,Missing nationality prefix
8127773,Maersk Air,Boeing 720-051B,OY-APZ,18384,Munich - Riem (MUC / EDDM) [CLOSED],"October 4, 1980",Gerhard Plomitzer,8127773.jpg,
8127949,World Airways,McDonnell Douglas DC-10-30CF,N112WA,47820,Nuremberg (NUE / EDDN),December 1990,Gerhard Plomitzer,8127949.jpg,
8127913,Aero Lloyd,McDonnell Douglas DC-9-32,D-ALLC,47672,Nuremberg (NUE / EDDN),June 1987,Gerhard Plomitzer,8127913.jpg,
8109223,British Airways,Airbus A320-251N,G-TTNY,12151,Porto - Francisco Sa Carneiro (OPO / LPPR),"May 31, 2026",Rui Marques,8109223.jpg,
8109229,Transavia Airlines,Airbus A321-252NX,PH-YHE,12702,Porto - Francisco Sa Carneiro (OPO / LPPR),"May 31, 2026",Rui Marques,8109229.jpg,
8130007,All Nippon Airways - ANA,Boeing 787-9 Dreamliner,JA938A,66896,Takamatsu (TAK / RJOT),"July 1, 2026",sharo4681,8130007.jpg,
8109401,Ryanair,Boeing 737-8 MAX 200,EI-IKP,67113,Lanzarote (- Arrecife) (ACE / GCRR),"May 31, 2026",Florencio F Martin Melian,8109401.jpg,
8109413,Scandinavian Airlines - SAS,Airbus A350-941,SE-RSC,391,Tokyo - Haneda International (HND / RJTT),"May 29, 2026",Ryotaro Shinozaki,8109413.jpg,
8109417,Korean Air,Boeing 737-8 MAX,HL8567,63449,Tokyo - Narita International (New Tokyo) (NRT / RJAA),"June 1, 2026",Ryotaro Shinozaki,8109417.jpg,
8109429,Nippon Cargo Airlines - NCA,Boeing 747-8KZF/SCD,JA18KZ,36141,Tokyo - Narita International (New Tokyo) (NRT / RJAA),"May 30, 2026",Kazuchika Naya,8109429.jpg,
8109431,Nippon Cargo Airlines - NCA,Boeing 747-8KZF/SCD,JA11KZ,36136,Tokyo - Narita International (New Tokyo) (NRT / RJAA),"May 30, 2026",Kazuchika Naya,8109431.jpg,
8109437,All Nippon Airways - ANA,Airbus A380-841,JA383A,266,Tokyo - Narita International (New Tokyo) (NRT / RJAA),"May 30, 2026",Kazuchika Naya,8109437.jpg,
8109435,All Nippon Airways - ANA,Airbus A380-841,JA382A,263,Tokyo - Narita International (New Tokyo) (NRT / RJAA),"May 30, 2026",Kazuchika Naya,8109435.jpg,
8109441,Jetstar Airways,Airbus A320-232,VH-VGI,4466,Queenstown - Frankton (ZQN / NZQN),"March 31, 2026",Phil Hosking,8109441.jpg,"Queenstown International Airport - A rather faded Jetstar Airbus A320 departs via runway 23. I will never understand why anyone would choose this colour selection of silver and orange/red, the first colours that will fade. C'est la vie!"
8109363,Garuda Indonesia,Boeing 737-8U3,PK-GNQ,39954,Jakarta - International / Soekarno-Hatta (CGK / WIII),"May 3, 2026",Chaity,8109363.jpg,
8109371,Norwegian Air Sweden,Boeing 737-8 MAX,SE-RTX,43622,Oslo - Gardermoen (OSL / ENGM),"September 10, 2025",Erwin van Hassel,8109371.jpg,
8109367,Untitled,Aerospool WT-9 Dynamic,D-MQIS,DY-871D,Gelnhausen  (EDFG),"May 1, 2025",Viktor Horst,8109367.jpg,
8109377,Scandinavian Airlines - SAS,Airbus A320-251N,SE-RZY,11832,Oslo - Gardermoen (OSL / ENGM),"September 10, 2025",Erwin van Hassel,8109377.jpg,
8109375,Norwegian Air Shuttle,Boeing 737-8 MAX,SE-RYC,63971,Oslo - Gardermoen (OSL / ENGM),"September 10, 2025",Erwin van Hassel,8109375.jpg,"""Theodor Kittelsen""  tail design ; Norwegian artist"
8109329,Avanti Air,Bombardier DHC-8-402 Q400,D-AASG,4087,Graz - Thalerhof (GRZ / LOWG / LOXG),"May 29, 2026",Andreas Mueller - Spotterteam Graz,8109329.jpg,
8109333,Qantas,Airbus A321-271NXLR,VH-OGB,12427,Sydney - Kingsford Smith International (Mascot) (SYD / YSSY),"April 11, 2026",Martin Eadie,8109333.jpg,
8109335,Qantas,Airbus A380-842,VH-OQB,015,Sydney - Kingsford Smith International (Mascot) (SYD / YSSY),"May 31, 2025",Martin Eadie,8109335.jpg,
8109339,QantasLink,Airbus A220-300,VH-X4K,55417,Sydney - Kingsford Smith International (Mascot) (SYD / YSSY),"April 7, 2026",Martin Eadie,8109339.jpg,
8109341,Untitled,Aerospatiale SA-341F2 Gazelle,F-AYSA,1353,Cholet - Le Pontreau (CET / LFOU),"May 30, 2026",William Verguet,8109341.jpg,
8109343,Virgin Australia Airlines,Boeing 737-8 MAX,VH-8IK,65116,Sydney - Kingsford Smith International (Mascot) (SYD / YSSY),"April 27, 2026",Martin Eadie,8109343.jpg,
8109347,,Aerospatiale SA-342M Gazelle,F-AYCR,4023,Cholet - Le Pontreau (CET / LFOU),"May 30, 2026",William Verguet,8109347.jpg,
8109275,Eurus Aviation,Embraer ERJ-135LR (EMB-135LR),XA-NSN,145283,Tegucigalpa - Toncontin (Teniente Coronel Hernan Acosta Mejia) (TGU / MHTG),"May 9, 2026",Óscar Josué Elvir Vásquez - HN Spotters,8109275.jpg,
8109277,Eurus Aviation,Embraer ERJ-145LR (EMB-145LR),XA-RUV,145768,Tegucigalpa - Toncontin (Teniente Coronel Hernan Acosta Mejia) (TGU / MHTG),"May 20, 2026",Óscar Josué Elvir Vásquez - HN Spotters,8109277.jpg,
8109281,South African Airways,Airbus A330-243,ZS-SXW,1236,Washington - Dulles International (IAD / KIAD),"August 21, 2019",Mikhail Okrochkov,8109281.jpg,"Two things that no longer exist in the same photo, SAA A330-200 and Air France A388."
8109319,United Airlines,Boeing 737-9 MAX,N37554,67578,Las Vegas - McCarran International (LAS / KLAS),"January 5, 2026",Jason Whitebird,8109319.jpg,
8109295,Turkish Airlines,Boeing 787-9 Dreamliner,TC-LLK,65811,Taoyuan (Taipei) - Taiwan International (Chiang Kai Shek) (TPE / RCTP),"September 26, 2025",Jeff Zhu,8109295.jpg,
8109323,Untitled,De Havilland Canada DHC-2 Beaver Mk1,N62BN,772,Renton - Municipal (RNT / KRNT),"May 31, 2026",powwwiii,8109323.jpg,built in 1953
8109321,Southwest Airlines,Boeing 737-8 MAX,N8741L,61869,Las Vegas - McCarran International (LAS / KLAS),"January 5, 2026",Jason Whitebird,8109321.jpg,
8129957,Untitled,Reims Cessna F150L,D-EEDK,F15000941,Koblenz - Winningen  (EDRK),"September 15, 2019",Daniel Schwinn,8129957.jpg,
8129979,Hainan Airlines,Airbus A320-251N,B-32RH,13174,Beijing - Capital (PEK / ZBAA),"June 4, 2026",L.S.,8129979.jpg,
8129961,Untitled,Reims Cessna F150L,D-EGJS,F15001046,Koblenz - Winningen  (EDRK),"May 25, 2017",Daniel Schwinn,8129961.jpg,
8109179,Binter Canarias,ATR ATR-72-600 (ATR 72-212A),EC-NGF,1586,Funchal / Madeira (- Santa Cruz / Santa Catarina) (FNC / LPMA),"May 31, 2026",Nelson Sousa,8109179.jpg,
8109183,EasyJet Europe,Airbus A320-251N,OE-LSN,10701,Funchal / Madeira (- Santa Cruz / Santa Catarina) (FNC / LPMA),"May 31, 2026",Nelson Sousa,8109183.jpg,
8109259,Aerolineas Sosa,Saab 340B/Plus,HR-SES,340B-428,Tegucigalpa - Toncontin (Teniente Coronel Hernan Acosta Mejia) (TGU / MHTG),"May 26, 2026",Óscar Josué Elvir Vásquez - HN Spotters,8109259.jpg,
8109269,Untitled,Gulfstream Aerospace G280,N989BA,2017,Tegucigalpa - Toncontin (Teniente Coronel Hernan Acosta Mejia) (TGU / MHTG),"May 26, 2026",Óscar Josué Elvir Vásquez - HN Spotters,8109269.jpg,
8129203,Untitled,Antonov An-12TB,RA-11112,01347907,Dusseldorf - International (Rhein-Ruhr / Lohausen) (DUS / EDDL),1995,Wolfgang Mendorf,8129203.jpg,Fading UN markings
8129205,British Airways,Vickers Super VC10 Srs1151,G-ASGM,863,Dusseldorf - International (Rhein-Ruhr / Lohausen) (DUS / EDDL),1978,Wolfgang Mendorf,8129205.jpg,
8129215,Uzbekistan Airways,Ilyushin Il-76TD,UK-76449,1023403058,Maastricht / Aachen (- Beek / Zuid Limburg) (MST / EHBK),1995,Wolfgang Mendorf,8129215.jpg,Revised livery
8109419,Air Canada,Boeing 737-8 MAX,C-GEHY,61228,Houston - George Bush Intercontinental (IAH / KIAH),"December 31, 2024",Andrew Compolo,8109419.jpg,On the takeoff roll down 33R. [Canon 5D Mark IV + Canon 70-300L IS]
8109423,United Express,Embraer ERJ-145XR (EMB-145XR),N14168,14500840,Houston - George Bush Intercontinental (IAH / KIAH),"December 31, 2024",Andrew Compolo,8109423.jpg,Lining up on 33L. [Canon 5D Mark IV + Canon 70-300L IS]
8109421,Pobeda Airlines,Boeing 737-800,VP-BPL,61789,Istanbul - Ataturk (Yesilkoy) (ISL / LTBA),"October 18, 2018",Szabo Gabor,8109421.jpg,
8109427,Untitled,UOC,ZK-AEL,4336,Wanaka (WKA / NZWF),"April 3, 2026",Phil Hosking,8109427.jpg,"Warbirds Over Wanaka 2026 - A lovely WACO UOC which has undergone a paint job since I saw it last. Waring a different colour, she now adorns ""Roots Maryborough Dry Gin"" promotional logos. This aircraft flew with the De Havilland formation team consisting of Tiger Moths; Chipmunks, and a Fox Moth."
8109433,Air Canada Express,Bombardier DHC-8-402 Q400,C-GIJZ,4509,Vancouver - International (YVR / CYVR),"May 5, 2026",Andreas Loenner,8109433.jpg,
8109309,American Airlines,Boeing 777-223/ER,N770AN,29578,Las Vegas - McCarran International (LAS / KLAS),"January 5, 2026",Jason Whitebird,8109309.jpg,
8109311,Southwest Airlines,Boeing 737-8 MAX,N8928Q,68381,Las Vegas - McCarran International (LAS / KLAS),"January 5, 2026",Jason Whitebird,8109311.jpg,
8109313,JetBlue Airways,Airbus A321-231,N934JB,6130,Las Vegas - McCarran International (LAS / KLAS),"January 5, 2026",Jason Whitebird,8109313.jpg,
8109315,Alaska Airlines,Embraer 175LR (ERJ-170-200LR),N400SY,17000732,Las Vegas - McCarran International (LAS / KLAS),"January 5, 2026",Jason Whitebird,8109315.jpg,
8109317,Southwest Airlines,Boeing 737-8H4,N8640D,60084,Las Vegas - McCarran International (LAS / KLAS),"January 5, 2026",Jason Whitebird,8109317.jpg,
8109099,AeroMexico,Boeing 737-8 MAX,N868AM,65188,Las Vegas - McCarran International (LAS / KLAS),"December 30, 2024",Juan Manuel Temoche - SPJC Spotter,8109099.jpg,
8109113,,,,,Oslo - Gardermoen (OSL / ENGM),"September 10, 2025",Erwin van Hassel,8109113.jpg,Oslo Gardermoen Airport control tower
8109109,Hongyuan Group,Airbus A330-243(P2F),OO-LAJ,717,Ostend / Bruges (OST / EBOS),"May 23, 2025",Luc Van Belleghem,8109109.jpg,Landed at Rwy26...
8109107,Hongyuan Group,Airbus A330-243(P2F),OO-LAJ,717,Ostend / Bruges (OST / EBOS),"May 23, 2025",Luc Van Belleghem,8109107.jpg,"Resting at apron 1, together withe some MD-11F's..."
8109115,Korean Air,Boeing 737-8 MAX,HL8350,63438,Seoul - Incheon International (ICN / RKSI),"May 31, 2026",Jaemoon Choi,8109115.jpg,"KAL804(from Tianjin, China/ZBTJ) landing on runway 34L"
8109129,Korean Air Cargo,Boeing 777-FEZ,HL8075,62631,Vancouver - International (YVR / CYVR),"March 21, 2026",Varun Solanki,8109129.jpg,Runway 26L operations
8109173,United Airlines,Boeing 737-724,N23721,28940,Washington - Dulles International (IAD / KIAD),"April 24, 2026",Mikhail Okrochkov,8109173.jpg,
8109187,Singapore Airlines,Airbus A350-941ULR,9V-SGC,230,In Flight,"November 17, 2025",Mikhail Okrochkov,8109187.jpg,"Sunset aboard SQ23, world's longest flight from JFK to SIN. We left New York on the evening of the 16th, here we are about 11 hours into the flight over Azerbaijan just south of Baku, the Caspian Sea is hidden below the clouds. After spending a few brief hours in the sunlight we head back into the night for the rest of the flight. We will touch down in Singapore just over 18 hours after departure on the 18th, having spent the entirety of 17th in the air."
8109189,Skyline Express Airline,Boeing 737-94X/ER,UR-SLX,36087,Hamburg (- Fuhlsbuttel) (HAM / EDDH),"May 26, 2026",Mark McWalter,8109189.jpg,
8109191,Magma,Boeing 747-481(BCF),TF-AMP,24801,Luqa - Malta International (MLA / LMML),"May 28, 2026",Gordon Zammit,8109191.jpg,
8109197,Neos,Boeing 787-9 Dreamliner,EI-NUA,65314,Luqa - Malta International (MLA / LMML),"May 28, 2026",Gordon Zammit,8109197.jpg,
8109199,RTE Réseau Transport Electricité,Eurocopter EC-135T-2+,F-HPRS,0964,Cholet - Le Pontreau (CET / LFOU),"May 30, 2026",William Verguet,8109199.jpg,
8109209,France - Securite Civile,Airbus Helicopters H145 D3,F-ZBQX,21415,Cholet - Le Pontreau (CET / LFOU),"May 30, 2026",William Verguet,8109209.jpg,
8109217,Electra Airways,Airbus A320-232,LZ-EAD,2717,Palma de Mallorca (- Son San Juan) (PMI / LEPA / LESJ),"May 31, 2026",Toni Marimon,8109217.jpg,
8109215,Harbour Air,De Havilland Canada DHC-3T Vazar Turbine Otter,C-FHAA,357,Vancouver - International Seaplane  (CAM9),"May 7, 2026",Andreas Loenner,8109215.jpg,
8109245,Xiamen Airlines,Boeing 737-85C,B-5499,37575,Dalian - Zhoushuizi (DLC / ZYTL),"February 8, 2026",dlsunshy,8109245.jpg,Z9+Z 70-200mm f/2.8 VR S
8129891,Untitled,Grob G-115B,D-ELWF,8049,Trento - Mattarello (Gianni Caproni)  (LIDT),"June 26, 2026",Cristian Magro,8129891.jpg,
8129513,Untitled,Alekseyev Strizh,,,Withheld,2026,Senior,8129513.jpg,
8129779,Summit Air,British Aerospace Avro 146-RJ100,C-FURJ,E3354,Nottingham - East Midlands (Castle Donington) (EMA / EGNX),"June 30, 2026",David Cook,8129779.jpg,
8129759,Atlas Air,Boeing 747-83QF/SCD,N864GT,60117,Maastricht / Aachen (- Beek / Zuid Limburg) (MST / EHBK),"July 1, 2026",Rainer Bexten,8129759.jpg,
8129631,Shandong Airlines - SDA,Boeing 737-8 MAX,B-20D0,61455,Xiamen (- Gaoqi) (XMN / ZSAM),"June 28, 2026",Edward Zhu,8129631.jpg,
8129633,Untitled,Bombardier Challenger 350 (BD-100-1A10),N127EB,20515,Chicago / Prospect Heights / Wheeling - Chicago Executive (Pal-Waukee) (PWK),"June 19, 2026",Oleg45470,8129633.jpg,
8108469,Asiana Airlines,Boeing 777-28E/ER,HL7756,30860,Dalian - Zhoushuizi (DLC / ZYTL),"January 28, 2026",dlsunshy,8108469.jpg,Z9+Z 70-200mm f/2.8 VR S
8129403,Untitled,Reims Cessna F150L,D-ECPO,0113,Koblenz - Winningen  (EDRK),"May 25, 2017",Daniel Schwinn,8129403.jpg,
8129515,Flexjet,Embraer EMB-505 Phenom 300E,N305FX,50500881,Chicago / Prospect Heights / Wheeling - Chicago Executive (Pal-Waukee) (PWK),"June 13, 2026",Oleg45470,8129515.jpg,
8129505,Untitled,Cessna 525 CitationJet M2,OE-FUM,525-1081,Monchengladbach (- Dusseldorf Express) (MGL / EDLN),"June 30, 2026",Marco Materlik,8129505.jpg,
8129603,Untitled,Cirrus SR-22-G2 GTS,N604WM,1260,Minneapolis - Anoka County / Blaine (Janes Field) (ANE),"June 30, 2026",Jeremy D. Dando,8129603.jpg,
8129521,Flexjet,Gulstream Aerospace G-500,N200FX,72136,Chicago / Prospect Heights / Wheeling - Chicago Executive (Pal-Waukee) (PWK),"June 12, 2026",Oleg45470,8129521.jpg,
8129401,Department of royal rainmaking and agricoltural aviation Thailand,AgustaWestland AW-139,I-RAIR,32170,Varese - Venegono  (LILN),"June 30, 2026",Gianluca Galli,8129401.jpg,
8129397,Untitled,PZL-Okecie PZL-110 Koliber 150,D-ERUG,03900042,Koblenz - Winningen  (EDRK),"September 4, 2021",Daniel Schwinn,8129397.jpg,
8129625,Untitled,Tecnam P-2010P TwentyTen,N512VA,299/US,San Juan - Fernando Luis Ribas Dominicci (Isla Grande) (SIG / TJIG),"January 22, 2026",Abraham J Maysonet Rivera,8129625.jpg,
8109089,American Eagle,Bombardier CRJ-701ER (CL-600-2C10),N715SK,10179,Chicago - O'Hare International (Orchard Field) (ORD / KORD),"October 12, 2025",Oleg45470,8109089.jpg,
8109093,Volaris,Airbus A321-271NX,XA-VUL,12032,Las Vegas - McCarran International (LAS / KLAS),"December 30, 2024",Juan Manuel Temoche - SPJC Spotter,8109093.jpg,
8109083,Contour Aviation,Bombardier CRJ-200ER (CL-600-2B19),N472CA,7667,Chicago - O'Hare International (Orchard Field) (ORD / KORD),"October 12, 2025",Oleg45470,8109083.jpg,
8109063,Swiss International Air Lines,Boeing 777-3DE/ER,HB-JNE,44586,Zurich (- Kloten) (ZRH / LSZH),"June 28, 2025",Hans Domjan,8109063.jpg,
8109051,Swiss International Air Lines,Bombardier CSeries CS300 (BD-500-1A11),HB-JCC,55012,Zurich (- Kloten) (ZRH / LSZH),"June 28, 2025",Hans Domjan,8109051.jpg,
8109035,Air France,Airbus A220-300,F-HZUY,55221,Zurich (- Kloten) (ZRH / LSZH),"June 28, 2025",Hans Domjan,8109035.jpg,
8109033,EVA Air,Airbus A330-302,B-16331,1254,Taoyuan (Taipei) - Taiwan International (Chiang Kai Shek) (TPE / RCTP),"May 30, 2026",Jerry Pang,8109033.jpg,
8109041,China Airlines,Boeing 777-36N/ER,B-18055,41823,Taoyuan (Taipei) - Taiwan International (Chiang Kai Shek) (TPE / RCTP),"May 30, 2026",Jerry Pang,8109041.jpg,
8109045,Alaska Airlines,Boeing 737-9 MAX,N941AK,44101,Las Vegas - McCarran International (LAS / KLAS),"December 30, 2024",Juan Manuel Temoche - SPJC Spotter,8109045.jpg,
8109021,EVA Air,Boeing 777-35E/ER,B-16740,63529,Taoyuan (Taipei) - Taiwan International (Chiang Kai Shek) (TPE / RCTP),"May 30, 2026",Jerry Pang,8109021.jpg,
8109017,,,,,Taoyuan (Taipei) - Taiwan International (Chiang Kai Shek) (TPE / RCTP),"May 31, 2026",Jerry Pang,8109017.jpg,"Taoyuan Airport new Terminal 3 has recently launched its first phase of operations, adding 8 (D11-18) parking stands."
8109031,Southwest Airlines,Boeing 737-8 MAX,N8801Q,65436,Las Vegas - McCarran International (LAS / KLAS),"January 5, 2026",Jason Whitebird,8109031.jpg,
8109025,Emirates,Airbus A380-861,A6-EOG,172,Zurich (- Kloten) (ZRH / LSZH),"June 28, 2025",Hans Domjan,8109025.jpg,
8108957,Untitled,Avro 652A Anson I,OO-ANS,MH120,La Ferte-Alais  (LFFQ),"May 23, 2026",Giorgio Varisco,8108957.jpg,The only airworthy Avro Anson I in the world. Le Temps des Hélices 2026.
8108953,Jetairfly,Boeing 737-8K5,OO-JAD,39093,Alicante / Elche (- El Altet) (ALC / LEAL),"March 19, 2013",Chema Gomez,8108953.jpg,Currently flying as TC-SPF with SunExpress.
8108963,Untitled,Bombardier Global 7000 (BD-700-1A10),RA-73588,9422,Beijing - Capital (PEK / ZBAA),"September 20, 2025",sonata_z,8108963.jpg,
8129335,Untitled,Pitts S-1 Special,N24SX,DE YOUNG 002,Koblenz - Winningen  (EDRK),"March 17, 2015",Daniel Schwinn,8129335.jpg,
8129379,Untitled,Cessna 560XL Citation Excel,N664AF,560-6064,Fernandina Beach - Municipal (KFHB),"June 14, 2026",Jonathan Morgan,8129379.jpg,
8129339,Untitled,PZL-Okecie PZL-110 Koliber 150,D-EANM,003800636,Koblenz - Winningen  (EDRK),"June 19, 2017",Daniel Schwinn,8129339.jpg,
8129391,Untitled,Textron Aviation 700,N847QS,700-0096,Fernandina Beach - Municipal (KFHB),"June 14, 2026",Jonathan Morgan,8129391.jpg,
8109001,Untitled,Tecnam P-2008JC MkII,SP-WER,1109,Wroclaw - Szymanow  (EPWS),"April 18, 2026",Piotr Biskupski,8109001.jpg,
8108839,AeroLogic,Boeing 777-FZN,D-AALG,36199,Brussels - National (Zaventem) / Melsbroek (BRU / EBBR / EBMB),"May 25, 2026",Mark Mahu,8108839.jpg,
8109007,Transavia Airlines,Boeing 737-8EH,PH-GGX,36596,Alicante / Elche (- El Altet) (ALC / LEAL),"July 25, 2013",Chema Gomez,8109007.jpg,On one of the usual summer leases from GOL with unfortunately just the winglets retaining the lessor livery.
8109003,Untitled,Scheibe SF-25B Falke,SP-0096,46302,Wroclaw - Szymanow  (EPWS),"April 18, 2026",Piotr Biskupski,8109003.jpg,
8103923,Brussels Airlines,Airbus A320-214,OO-SNM,2003,Ljubljana (- Brnik) (LJU / LJLJ),"May 24, 2026",Borut Smrdelj,8103923.jpg,[Canon 80D + Canon EF 70-200 f4L].
8129231,Untitled,Boisavia B-601L Mercurey,F-BHVH,22,Paray le Monial  (LFGN),"June 20, 2026",Hervé Champain,8129231.jpg,"This Boisavia B-601L “Mercurey Luxe,” designed by engineer and pilot Lucien Tielès, is one of a batch of 12 examples fitted with various Lycoming engines (150 hp O-320, 170 hp O-340, or 180 hp O-360), depending on the customer’s choice. Registered OO-KLO in November 1988, it was saved from a hangar engulfed in flames at Namur in January 1993, before being restored between 1995 and 1998."
8129273,Untitled,Dassault Falcon 2000LXS,OE-HLK,276,Dortmund - Wickede (DTM / EDLW),"June 30, 2026",Sascha Kamrau,8129273.jpg,
8108939,Untitled,Eurocopter AS 350B2 Ecureuil,D-HMLP,9084,Samedan (St. Moritz) - Oberengadin (SMV / LSZS),"January 3, 2026",Hans Domjan,8108939.jpg,
8108903,Air France,Boeing 777-228/ER,F-GSPP,30615,Paris - Charles de Gaulle (Roissy) (CDG / LFPG),"April 26, 2026",Marvin Knitl,8108903.jpg,
8108899,Texel Air,Boeing 737-8Q8 (BCF),A9C-TXY,29374,Washington - Dulles International (IAD / KIAD),"April 24, 2026",Mikhail Okrochkov,8108899.jpg,
8108919,Untitled,Pilatus PC-12/47E (PC-12 NG),9H-OTI,1780,Samedan (St. Moritz) - Oberengadin (SMV / LSZS),"January 3, 2026",Hans Domjan,8108919.jpg,
8108905,Untitled,Piper PA-46-350P Malibu Mirage,HB-PQW,4622051,Samedan (St. Moritz) - Oberengadin (SMV / LSZS),"January 2, 2026",Hans Domjan,8108905.jpg,
