Aircraft Variant,Image Count
737-8 MAX,3
777-36N/ER(BDSF),1
777-36NER(SF),1
777-F,1
A-109S Grand,1
A2 CZ Ellipse Spirit,2
A22L Foxbat,2
A321-271NY,1
A330-841,1
AMD CH-2000 Alarus,1
ATR ATR-42-300,1
ATR ATR-42-300(QC),1
ATR ATR-42-320,2
ATR ATR-42-500,2
ATR ATR-42-600,3
ATR ATR-72-201(F),1
ATR ATR-72-202,1
ATR ATR-72-202(F),2
ATR ATR-72-212,1
ATR ATR-72-212A,2
ATR ATR-72-500 (ATR-72-212A),8
ATR ATR-72-600 (ATR 72-212A),12
ATR ATR-72-600 (ATR-72-212A),13
ATR-72-600 (ATR-72-212A),1
AVIC AG600M,1
Aero 560A Commander,1
Aero 680E Commander,1
Aero Commander 500B Commander,1
Aero Commander 680 Super,1
Aero L-39 Albatros,1
Aero L-39C Albatros,3
Aero L-39ZA Albatros,1
Aero Vodochody L-39C Albatross,1
Aeronca 7BCM,1
Aeroprakt A-32 Vixxen,1
Aeroprakt A-32L,1
Aerospatiale (Westland) SA-341D Gazelle HT3,1
Aerospatiale AS-350B Ecureuil,1
Aerospatiale AS-350B-2 Ecureuil,4
Aerospatiale AS-350B-3 Ecureuil,2
Aerospatiale AS-350BA Ecureuil,1
Aerospatiale AS-350BA Squirrel,1
Aerospatiale SA-316B Alouette III,1
Aerospatiale SA-341F2 Gazelle,2
Aerospatiale SA-342M Gazelle,1
Aerospatiale SN-601 Corvette 100,1
Aerospatiale-BAC Concorde 101,1
Aerospatiale-British Aerospace Concorde 102,1
Aerospool WT-9 Dynamic,2
Agusta A-109C,1
Agusta A-109E Power,1
Agusta A-109S Grand,1
Agusta AB139,1
Agusta Westland MH-169A,1
Agusta Westland UH-169C,1
AgustaWestland AW-109E Power,2
AgustaWestland AW-139,8
AgustaWestland AW-169,1
Air Domi Trophy TT2000,1
Airbus A220-100,2
Airbus A220-100 (ACJ),2
Airbus A220-171,5
Airbus A220-300,36
Airbus A220-371,15
Airbus A300B4-103(F),1
Airbus A300B4-203,1
Airbus A300B4-605R,1
Airbus A300B4-608ST Super Transporter,1
Airbus A300B4-622R,1
Airbus A300B4-622R(F),1
Airbus A300B4-622RF,1
Airbus A300F4-605R,2
Airbus A300F4-605R(F),1
Airbus A300F4-622R,1
Airbus A310-203,1
Airbus A310-304,3
Airbus A310-304(F),1
Airbus A310-308(F),2
Airbus A310-308/ET,1
Airbus A310-324,2
Airbus A318-111,1
Airbus A319-111,24
Airbus A319-112,21
Airbus A319-114,6
Airbus A319-115,5
Airbus A319-131,15
Airbus A319-132,10
Airbus A319-153N,1
Airbus A319-153N ACJ,1
Airbus A320-211,11
Airbus A320-212,4
Airbus A320-214,152
Airbus A320-214(WL),3
Airbus A320-216,27
Airbus A320-231,3
Airbus A320-232,79
Airbus A320-232 (P2F),2
Airbus A320-232(WL),5
Airbus A320-233,5
Airbus A320-251N,99
Airbus A320-252N,6
Airbus A320-271N,44
Airbus A320-272N,4
Airbus A321-111,1
Airbus A321-112,1
Airbus A321-131,4
Airbus A321-211,33
Airbus A321-213,3
Airbus A321-231,56
Airbus A321-231(P2F),2
Airbus A321-231(PCF),1
Airbus A321-232,2
Airbus A321-251N,3
Airbus A321-251NX,48
Airbus A321-251NXLR,1
Airbus A321-252NX,6
Airbus A321-253NX,8
Airbus A321-253NY XLR,1
Airbus A321-271N,8
Airbus A321-271NX,80
Airbus A321-271NXLR,2
Airbus A321-271NY XLR,5
Airbus A321-272NX,9
Airbus A330-202,8
Airbus A330-202(P2F),2
Airbus A330-203,2
Airbus A330-223,12
Airbus A330-223F,1
Airbus A330-243,24
Airbus A330-243(P2F),10
Airbus A330-243F,6
Airbus A330-302,16
Airbus A330-302(P2F),3
Airbus A330-303,4
Airbus A330-323,8
Airbus A330-342,1
Airbus A330-343,43
Airbus A330-343(P2F),1
Airbus A330-343P2F,3
Airbus A330-941,21
Airbus A330-941N,19
Airbus A340-211,1
Airbus A340-212,1
Airbus A340-311,1
Airbus A340-313,10
Airbus A340-642,7
Airbus A350-1041,28
Airbus A350-900,2
Airbus A350-941,99
Airbus A350-941ULR,1
Airbus A380-841,16
Airbus A380-842,5
Airbus A380-861,22
Airbus ACJ319 (A319-113/CJ),1
Airbus ACJ319 (A319-133/CJ),1
Airbus ACJ319N (A319-153N/CJ),2
Airbus ACJ320 (A320-232/CJ),2
Airbus ACJ320N (A320-251N/CJ),1
Airbus ACJ330-243,1
Airbus Helicopter  EC145T2,1
Airbus Helicopter H135 T3,1
Airbus Helicopters (Kawasaki) BK117D-3 (H145),2
Airbus Helicopters H125,2
Airbus Helicopters H130 B4,1
Airbus Helicopters H145,5
Airbus Helicopters H145 D3,1
Airbus Helicopters H225,2
Alekseyev Strizh,1
Alisport Silent-In,1
Alpi Pioneer 300STD,1
Antonov (PZL-Mielec) An-2,2
Antonov (PZL-Mielec) An-2T,1
Antonov (PZL-Mielec) An-2TD,1
Antonov (PZL-Mielec) An-2TP,1
Antonov An-124-100 Ruslan,6
Antonov An-12B,6
Antonov An-12BP,7
Antonov An-12TB,2
Antonov An-32B,1
Asso Aeri Asso IV Whisky,1
AutoGyro Europe Calidus,1
Aviat A-1 Husky,1
Aviat A-1C-180 Husky,1
Avro 652A Anson I,1
B & F Technik FK-9 Mk.IV,1
B & F Technik FK-9 Mk.V,1
B & F Technik FK-9 Mk4,1
B & F Technik FK-9 TG,1
B3,1
BAC 111-424EU One-Eleven,1
BAC 111-518FG One-Eleven,1
BAC 167 Strikemaster Mk88,1
BAE Systems Avro 146-RJ85,1
BRM Aero Bristell LSA,1
BRM Aero Bristell NG-5 Speed Wing,1
BRM Aero XL8 Bristell,1
Beech 1900D,2
Beech 200 Super King Air,2
Beech A100 King Air,1
Beech A55 Baron (95-A55),1
Beech B100 King Air,2
Beech B200 Super King Air,1
Beech C90A King Air,1
Beech D45 Mentor,1
Beech E18S,1
Beech F33A Bonanza,1
Beech P35 Bonanza,1
Beech T-34B Mentor (D45),1
Beech V35 Bonanza,1
Beech V35B Bonanza,2
Beechcraft 1900D,1
Beechcraft 200 Super King Air,2
Beechcraft 250 King Air (200GT),1
Beechcraft 350 King Air (B300),1
Beechcraft 350i King Air (B300),2
Beechcraft A36 Bonanza,1
Beechcraft B200GT King Air 250,1
Beechcraft B200GT Super King Air,1
Beechcraft C90A King Air,1
Bell (Agusta) AB-206B JetRanger II,3
Bell (Agusta) AB-206B-3 JetRanger III,1
Bell 206B JetRanger III,1
Bell 206B-3 JetRanger III,2
Bell 407GXP,1
Bell 407GXi,2
Bell 412EP,2
Bell 429 Global Ranger,2
Bell 430,2
Bell UH-1E Iroquois (204),1
Beriev Be-200ChS,1
Blackwing 635RG,1
Boeing 707-312B,1
Boeing 707-321B,3
Boeing 707-323C,2
Boeing 707-324C,1
Boeing 707-327C,1
Boeing 707-330,1
Boeing 707-330B,1
Boeing 707-330C,1
Boeing 707-331,1
Boeing 707-331B,1
Boeing 707-331C,2
Boeing 707-336C,3
Boeing 707-338C,2
Boeing 707-344C,1
Boeing 707-351C,2
Boeing 707-366C,1
Boeing 707-370C,1
Boeing 707-373C,1
Boeing 707-382B,1
Boeing 717-231,4
Boeing 717-23S,1
Boeing 717-2BD,2
Boeing 717-2K9,1
Boeing 720-023B,1
Boeing 720-047B,1
Boeing 720-051B,2
Boeing 727-155C,1
Boeing 727-1A0,1
Boeing 727-223/Adv,1
Boeing 727-225/Adv(F),1
Boeing 727-228,1
Boeing 727-228/Adv,1
Boeing 727-230,3
Boeing 727-230/Adv,1
Boeing 727-235,1
Boeing 727-247/Adv,1
Boeing 727-264/Adv(F),1
Boeing 727-270/Adv,1
Boeing 727-277/Adv,1
Boeing 727-2D6,1
Boeing 727-2H9/Adv,1
Boeing 727-2L5/Adv,1
Boeing 727-2M7/Adv,1
Boeing 727-51,1
Boeing 737 MAX 8-200,2
Boeing 737-201,1
Boeing 737-204C,1
Boeing 737-219C/Adv,1
Boeing 737-232/Adv,2
Boeing 737-275C/Adv,1
Boeing 737-2Q3/Adv,1
Boeing 737-2S9/Adv,1
Boeing 737-2T4/Adv,1
Boeing 737-301(SF),1
Boeing 737-330,1
Boeing 737-33A,2
Boeing 737-33R,2
Boeing 737-33V,4
Boeing 737-341,1
Boeing 737-347,1
Boeing 737-36N,1
Boeing 737-36N(SF),1
Boeing 737-36Q,1
Boeing 737-377,1
Boeing 737-37Q,1
Boeing 737-39A,1
Boeing 737-3H4,2
Boeing 737-3H9,1
Boeing 737-3L9,3
Boeing 737-3Q8,1
Boeing 737-3Y0,1
Boeing 737-408,1
Boeing 737-430,1
Boeing 737-436,4
Boeing 737-484,1
Boeing 737-490(SF),2
Boeing 737-4H6,1
Boeing 737-4H6(SF),1
Boeing 737-4Q8,3
Boeing 737-4Y0,1
Boeing 737-505,2
Boeing 737-522,2
Boeing 737-524,4
Boeing 737-528,1
Boeing 737-55D,1
Boeing 737-59D,1
Boeing 737-5B6,2
Boeing 737-5C9,1
Boeing 737-5Y0,1
Boeing 737-66N,1
Boeing 737-6D6,1
Boeing 737-6Q8,1
Boeing 737-724,1
Boeing 737-73V,2
Boeing 737-75C,2
Boeing 737-76N(WL),1
Boeing 737-783,1
Boeing 737-78J,1
Boeing 737-79P,2
Boeing 737-7BD,4
Boeing 737-7CT,3
Boeing 737-7D6C,1
Boeing 737-7H4,16
Boeing 737-7K2,5
Boeing 737-7ME,1
Boeing 737-7Q8,3
Boeing 737-7V3,1
Boeing 737-7ZH BBJ,1
Boeing 737-8 MAX,149
Boeing 737-8 MAX 200,19
Boeing 737-8 MAX BBJ,1
Boeing 737-8-200 MAX,2
Boeing 737-800,13
Boeing 737-808,1
Boeing 737-81B,2
Boeing 737-81B(BCF),1
Boeing 737-81M,1
Boeing 737-81Q,1
Boeing 737-823,10
Boeing 737-824,5
Boeing 737-82R,1
Boeing 737-832,2
Boeing 737-838,24
Boeing 737-83N,1
Boeing 737-83Z,1
Boeing 737-846,3
Boeing 737-84P,6
Boeing 737-84P(BCF),1
Boeing 737-852,2
Boeing 737-85C,3
Boeing 737-85C(BCF),1
Boeing 737-85F,4
Boeing 737-85N,5
Boeing 737-85P,4
Boeing 737-85P(SF),1
Boeing 737-85R(SF),1
Boeing 737-866,1
Boeing 737-86J,3
Boeing 737-86N,8
Boeing 737-86N(BCF),1
Boeing 737-86N(BCF)(WL),3
Boeing 737-86Q,1
Boeing 737-87L,1
Boeing 737-881,4
Boeing 737-883,2
Boeing 737-883(BCF),1
Boeing 737-890,3
Boeing 737-89L,3
Boeing 737-89P,9
Boeing 737-8AL,2
Boeing 737-8AL(WL),1
Boeing 737-8AS,30
Boeing 737-8AS(BCF),1
Boeing 737-8AS(WL),3
Boeing 737-8B6,1
Boeing 737-8BK,4
Boeing 737-8C9,1
Boeing 737-8CT,2
Boeing 737-8CX(SF),1
Boeing 737-8D6,2
Boeing 737-8EH,8
Boeing 737-8F2,10
Boeing 737-8FE,2
Boeing 737-8FE(WL),1
Boeing 737-8FH,2
Boeing 737-8FH(BCF)(WL),1
Boeing 737-8GJ,2
Boeing 737-8H4,10
Boeing 737-8H6,5
Boeing 737-8HC,5
Boeing 737-8JP,9
Boeing 737-8K2,7
Boeing 737-8K5,11
Boeing 737-8KN,3
Boeing 737-8LD(C)(WL),1
Boeing 737-8LJ,5
Boeing 737-8MA(WL),1
Boeing 737-8MB,2
Boeing 737-8MC,1
Boeing 737-8ME,2
Boeing 737-8MG,5
Boeing 737-8Q3,2
Boeing 737-8Q8,6
Boeing 737-8Q8 (BCF),1
Boeing 737-8Q8(WL),1
Boeing 737-8S3,1
Boeing 737-8SA,1
Boeing 737-8SH,1
Boeing 737-8U3,5
Boeing 737-8Z9,2
Boeing 737-8ZE (BBJ2),1
Boeing 737-8ZQ,1
Boeing 737-9 MAX,19
Boeing 737-900/ER,3
Boeing 737-924,2
Boeing 737-924/ER,4
Boeing 737-932/ER,4
Boeing 737-94X/ER,2
Boeing 737-990/ER,3
Boeing 737-9B5,4
Boeing 737-9F2/ER,1
Boeing 737-9GP/ER,3
Boeing 747-121(A/SF),1
Boeing 747-122,1
Boeing 747-123(SF),1
Boeing 747-131,1
Boeing 747-1D1,1
Boeing 747-209F/SCD,1
Boeing 747-217B,1
Boeing 747-230B(SF),1
Boeing 747-233BM,1
Boeing 747-236B,1
Boeing 747-251B,1
Boeing 747-257B,1
Boeing 747-271C/SCD,1
Boeing 747-273C,2
Boeing 747-281B(SF),3
Boeing 747-281F/SCD,1
Boeing 747-282B,1
Boeing 747-329M,1
Boeing 747-337M,1
Boeing 747-406,1
Boeing 747-406F/ER/SCD,2
Boeing 747-409(BDSF),1
Boeing 747-409F/SCD,13
Boeing 747-412F/SCD,4
Boeing 747-422,2
Boeing 747-428,1
Boeing 747-428F/ER/SCD,1
Boeing 747-430,4
Boeing 747-436,1
Boeing 747-438,1
Boeing 747-443,1
Boeing 747-44AF/SCD,1
Boeing 747-451,1
Boeing 747-467F/ER/SCD,1
Boeing 747-467F/SCD,1
Boeing 747-47UF,2
Boeing 747-47UF/SCD,3
Boeing 747-481(BCF),1
Boeing 747-481(BDSF),2
Boeing 747-481F/SCD,1
Boeing 747-48E(BDSF),1
Boeing 747-48EF/SCD,2
Boeing 747-4B5(BCF),3
Boeing 747-4B5F/ER/SCD,1
Boeing 747-4B5F/SCD,1
Boeing 747-4D7,2
Boeing 747-4D7(BCF),3
Boeing 747-4EVF/ER/SCD,5
Boeing 747-4H6,1
Boeing 747-4H6(BCF),1
Boeing 747-4J6,2
Boeing 747-4J6M,1
Boeing 747-4KZF/SCD,3
Boeing 747-4R7F/SCD,6
Boeing 747-830,5
Boeing 747-83QF/SCD,2
Boeing 747-867F/SCD,1
Boeing 747-87UF,2
Boeing 747-87UF/SCD,2
Boeing 747-8B5,4
Boeing 747-8F,3
Boeing 747-8KZF/SCD,5
Boeing 747-8R7F/SCD,6
Boeing 747SP-09,1
Boeing 747SP-21,2
Boeing 747SP-27,1
Boeing 747SP-B5,1
Boeing 747SP-J6,2
Boeing 747SR-81,2
Boeing 757-204,2
Boeing 757-222(PCF),1
Boeing 757-223,1
Boeing 757-223(PCF),4
Boeing 757-223(PCF)(WL),1
Boeing 757-224,5
Boeing 757-225,2
Boeing 757-22L,1
Boeing 757-230,1
Boeing 757-232,1
Boeing 757-236(PCF),1
Boeing 757-23N(PCF)(WL),1
Boeing 757-256,1
Boeing 757-256(PCF),1
Boeing 757-258,1
Boeing 757-25C,1
Boeing 757-29J(F),2
Boeing 757-2Q8,3
Boeing 757-2S7,2
Boeing 757-308,1
Boeing 757-324,1
Boeing 757-330,3
Boeing 757-33N,2
Boeing 757-351,1
Boeing 767-223(BDSF),1
Boeing 767-231(ER),1
Boeing 767-27G/ER,1
Boeing 767-300/ER(BDSF),1
Boeing 767-300F,4
Boeing 767-316(ER)(BDSF),1
Boeing 767-316/ER,1
Boeing 767-316/ER(BCF),4
Boeing 767-316F/ER,2
Boeing 767-319/ER,2
Boeing 767-322/ER,4
Boeing 767-323/ER(BDSF),1
Boeing 767-324/ER(BCF),1
Boeing 767-332,2
Boeing 767-332/ER,4
Boeing 767-338/ER,1
Boeing 767-338/ER(BDSF),2
Boeing 767-341/ER(BDSF),1
Boeing 767-346/ER,2
Boeing 767-346/ER(BCF),1
Boeing 767-34AF/ER,5
Boeing 767-381/ER,5
Boeing 767-381/ER(BDSF),1
Boeing 767-381F,2
Boeing 767-38A/ER,1
Boeing 767-38E/ER,1
Boeing 767-38EF/ER,1
Boeing 767-3BG/ER(BCF),1
Boeing 767-3JHF,1
Boeing 767-3KY/ER,1
Boeing 767-3P6(ER)(BDSF),1
Boeing 767-3P6/ER,1
Boeing 767-3Q8/ER(BDSF),2
Boeing 767-3Q8ER(BCF),1
Boeing 767-3S2F/ER,4
Boeing 767-3Z9/ER,3
Boeing 767-424/ER,3
Boeing 767-432/ER,6
Boeing 777-200,1
Boeing 777-206/ER,1
Boeing 777-212/ER,2
Boeing 777-21H,1
Boeing 777-21H/LR,1
Boeing 777-222,1
Boeing 777-222/ER,6
Boeing 777-223/ER,5
Boeing 777-224/ER,7
Boeing 777-228/ER,1
Boeing 777-233/LR,1
Boeing 777-236/ER,14
Boeing 777-243/ER,1
Boeing 777-258/ER,2
Boeing 777-260/LR,1
Boeing 777-267,1
Boeing 777-281,1
Boeing 777-281/ER,6
Boeing 777-28E/ER,2
Boeing 777-2B5/ER,3
Boeing 777-2D7,1
Boeing 777-2Q8/ER,4
Boeing 777-2Z9/ER,1
Boeing 777-300/ER,9
Boeing 777-306/ER,2
Boeing 777-309/ER,2
Boeing 777-312/ER,5
Boeing 777-31B/ER,2
Boeing 777-31H,1
Boeing 777-31H/ER,8
Boeing 777-322/ER,2
Boeing 777-323/ER,11
Boeing 777-328/ER,3
Boeing 777-32W/ER,3
Boeing 777-333/ER,1
Boeing 777-336/ER,2
Boeing 777-337/ER,2
Boeing 777-346/ER,1
Boeing 777-35E/ER,1
Boeing 777-367,2
Boeing 777-367/ER,14
Boeing 777-368/ER,1
Boeing 777-369/ER,3
Boeing 777-36N/ER,13
Boeing 777-36N/ER(SF),2
Boeing 777-381,1
Boeing 777-381/ER,2
Boeing 777-39L/ER,1
Boeing 777-39P/ER,3
Boeing 777-3AL/ER,4
Boeing 777-3B5,1
Boeing 777-3B5/ER,9
Boeing 777-3D7/ER,3
Boeing 777-3DE/ER,1
Boeing 777-3DZ/ER,6
Boeing 777-3F2/ER,1
Boeing 777-3FX/ER,1
Boeing 777-3M0/ER,1
Boeing 777-3U8/ER,1
Boeing 777-9,2
Boeing 777-F,40
Boeing 777-F1H,5
Boeing 777-F6N,3
Boeing 777-FB5,1
Boeing 777-FDZ,1
Boeing 777-FEZ,1
Boeing 777-FF2,1
Boeing 777-FFG,1
Boeing 777-FFT,3
Boeing 777-FFX,2
Boeing 777-FS2,2
Boeing 777-FZN,2
Boeing 787-10 Dreamliner,30
Boeing 787-8 Dreamliner,44
Boeing 787-9 Dreamliner,123
Boeing A-75N1,1
Boeing A75L300 Stearman,1
Boeing B-17G Flying Fortress (299P),1
Boeing CH-47D Chinook,1
Boeing F/A-18E Super Hornet,1
Boeing PT-17 Kaydet (A75N1),2
Boeing VC-137C (707-353B),1
Boisavia B-601L Mercurey,1
Bolkow BO-208 Junior,1
Bolkow BO-208C Junior,2
Bombardier BD-700-1A10 Global 6500,8
Bombardier BD-700-2A12 Global 7500,1
Bombardier BD-700-2A12 Global 8000,1
Bombardier CRJ-1000EL NG (CL-600-2E25),6
Bombardier CRJ-1000ER NG (CL-600-2E25),1
Bombardier CRJ-100ER (CL-600-2B19),2
Bombardier CRJ-200ER (CL-600-2B19),6
Bombardier CRJ-200LR (CL-600-2B19),3
Bombardier CRJ-550 (CL-600-2C10),1
Bombardier CRJ-701ER (CL-600-2C10),5
Bombardier CRJ-702ER NG (CL-600-2C10),1
Bombardier CRJ-705/900/Challenger 890,1
Bombardier CRJ-900 (CL-600-2D24),3
Bombardier CRJ-900ER (CL-600-2D24),1
Bombardier CRJ-900ER NG (CL-600-2D24),2
Bombardier CRJ-900LR (CL-600-2D24),3
Bombardier CSeries CS300 (BD-500-1A11),7
Bombardier Challenger 300 (BD-100-1A10),4
Bombardier Challenger 350 (BD-100-1A10),11
Bombardier Challenger 3500 (BD-100-1A10),5
Bombardier Challenger 604 (CL-600-2B16),1
Bombardier Challenger 605 (CL-600-2B16),10
Bombardier Challenger 650 (CL-600-2B16),3
Bombardier Challenger 650 (CL-650),2
Bombardier Challenger 850 (CRJ-200SE/CL-600-2B19),2
Bombardier DHC-8-102F,1
Bombardier DHC-8-311Q Dash 8,4
Bombardier DHC-8-314Q Dash 8,1
Bombardier DHC-8-315 Dash 8,1
Bombardier DHC-8-315Q Dash 8,1
Bombardier DHC-8-402 Q400,22
Bombardier DHC-8-402 Q400-MR,1
Bombardier DHC-8-402Q Combi Q400CC,1
Bombardier E-11A (BD-700-1A10),1
Bombardier Global 5000 (BD-700-1A11),16
Bombardier Global 5500,3
Bombardier Global 6000 (BD-700-1A10),10
Bombardier Global 6500,1
Bombardier Global 7000 (BD-700-1A10),2
Bombardier Global 8000 (BD-700-2A12),2
Bombardier Global Express (BD-700-1A10),7
Bombardier Global Express XRS (BD-700-1A10),2
Bombardier Learjet 45,2
Bombardier Learjet INC 45,2
Bristell XL8,1
Bristol 175 Britannia 253F,1
Bristol 175 Britannia 308F,1
Bristol 175 Britannia 312(F),1
British Aerospace Avro 146-RJ100,3
British Aerospace Avro 146-RJ85,2
British Aerospace BAC-111-525FT One-Eleven,1
British Aerospace BAe-125-1000B,1
British Aerospace BAe-146-200A,1
British Aerospace BAe-3201 Jetstream 32EP,2
Britten-Norman BN-2A Mk3-2 Trislander,1
Britten-Norman BN-2A-21 Islander,1
Bushby Midget Mustang M-1,1
CCF T-6 Harvard Mk4,2
CEA DR-1050 Sicile Record,1
CEA DR-1051M,1
CN-235-300,1
COMAC ARJ21-700 Xiangfeng,1
COMAC C909,3
COMAC C919,1
COMAC C919-100ER,3
COMAC C919-100STD,1
CRJ-550,1
Canadair CRJ-100ER (CL-600-2B19),1
Canadair CRJ-100LR (CL-600-2B19),1
Canadair CRJ-200LR (CL-600-2B19),1
Canadair Challenger 604 (CL-600-2B16),1
Cessna  172,1
Cessna 150F,1
Cessna 150G,1
Cessna 150H,2
Cessna 150M,3
Cessna 152,4
Cessna 152 II,1
Cessna 170,1
Cessna 172 N Skyhawk,1
Cessna 172 Skyhawk,1
Cessna 172D Skyhawk,1
Cessna 172G Skyhawk,1
Cessna 172L Skyhawk,1
Cessna 172M Skyhawk,3
Cessna 172M Skyhawk 1,1
Cessna 172N Skyhawk 100 II,1
Cessna 172N Skyhawk 100 II/Air Plains 180HP,1
Cessna 172RG Cutlass RG,1
Cessna 172S Skyhawk SP,6
Cessna 177B Cardinal,2
Cessna 177B Cardinal II,1
Cessna 180D Skywagon,1
Cessna 180H Skywagon,1
Cessna 180H Skywagon 180,1
Cessna 180J Skywagon,1
Cessna 182P Skylane,2
Cessna 182Q Skylane,1
Cessna 182R Skylane II,1
Cessna 195B,1
Cessna 208B Caravan I,1
Cessna 208B Grand Caravan,7
Cessna 208B Grand Caravan EX,4
Cessna 208B Grand Caravan EX Anphibian,1
Cessna 208B Super Cargomaster,1
Cessna 310R,1
Cessna 340A,1
Cessna 340A III,1
Cessna 402B,1
Cessna 402C,2
Cessna 402C III,1
Cessna 408 SkyCourier,2
Cessna 414,1
Cessna 414A Chancellor,1
Cessna 421C ...,1
Cessna 441 Conquest,2
Cessna 510 Citation Mustang,4
Cessna 525 Citation CJ1,2
Cessna 525 Citation M2,2
Cessna 525 CitationJet M2,1
Cessna 525A Citation CJ2,4
Cessna 525A Citation CJ2+,7
Cessna 525B Citation CJ3,5
Cessna 525B Citation CJ3+,1
Cessna 525C Citation CJ4,1
Cessna 525C Citation CJ4 Gen2,2
Cessna 550 Citation II,2
Cessna 550B Citation Bravo,1
Cessna 560 Citation Encore,1
Cessna 560 Citation V,1
Cessna 560XL Citation Excel,5
Cessna 560XL Citation XLS,5
Cessna 560XL Citation XLS+,6
Cessna 680 Citation Sovereign+,1
Cessna 680A Citation Latitude,7
Cessna 700 Citation Longitude,4
Cessna 750 Citation X,2
Cessna A.185F Skyvagon,1
Cessna A150L Aerobat,1
Cessna A185F Skywagon,1
Cessna A185F Skywagon 185,1
Cessna P337H Pressurized Skymaster,1
Cessna R172K Hawk XP,2
Cessna T206H Turbo Stationair,1
Cessna T206H Turbo Stationair II,1
Cessna T210R Turbo Centurion II,1
Cessna U206G,1
Cessna U206G Stationair,1
Christen Eagle II,1
Cirrus SF-50 Vision G2,1
Cirrus SF-50 Vision G2+ Arrivee,1
Cirrus SR-20,1
Cirrus SR-20 TRAC,2
Cirrus SR-22,1
Cirrus SR-22 G2,3
Cirrus SR-22 G3 GTS,1
Cirrus SR-22 G5 Carbon,1
Cirrus SR-22 G6-GTS Carbon,1
Cirrus SR-22 GTS,2
Cirrus SR-22 GTS-G7 Carbon,1
Cirrus SR-22-G2 GTS,1
Cirrus SR-22T,2
Cirrus SR-22T G3-GTSx,1
Cirrus SR22T-GTS G7 Carbon,1
Convair 440-40 Metropolitan,1
Convair 440-62 Metropolitan,1
Convair 440-80 Metropolitan,1
Convair 580,1
Convair 990A (30A-5),3
Convair 990A Coronado (30A-6),2
Corby CJ-1 Starlet,1
Curtiss Robin C-1,1
Czech Sport Aircraft PS-28 Cruiser,1
Daher TBM 910,1
Daher TBM 940,1
Daher TBM 980,1
Dassault Falcon 2000,1
Dassault Falcon 2000EX,5
Dassault Falcon 2000EX EASy,1
Dassault Falcon 2000LX,3
Dassault Falcon 2000LXS,1
Dassault Falcon 2000S,1
Dassault Falcon 50EX,1
Dassault Falcon 6X,1
Dassault Falcon 7X,8
Dassault Falcon 8X,6
Dassault Falcon 900EX,3
Dassault Falcon 900LX,2
Dassault Mercure 100,1
Dassault Mirage F1CR,1
De Havilland (Australia) DH-82A Tiger Moth,1
De Havilland (Moth Aircraft) DH-60GM Gipsy Moth,1
De Havilland (Riley) DH-114 Turbo Skyliner,1
De Havilland Canada C-8A Buffalo/QSRA (DHC-5),1
De Havilland Canada DHC-1 Chipmunk T Mk 10,1
De Havilland Canada DHC-2 Beaver Mk1,3
De Havilland Canada DHC-2 Turbine Beaver Mk3,2
De Havilland Canada DHC-3T Vazar Turbine Otter,6
De Havilland Canada DHC-4A Caribou,1
De Havilland Canada DHC-6-200 Twin Otter,1
De Havilland Canada DHC-6-300 Twin Otter,6
De Havilland Canada DHC-6-400 Twin Otter,1
De Havilland Canada DHC-7-103 Dash 7,1
De Havilland Canada DHC-8-102 Dash 8,5
De Havilland Canada DHC-8-103 Dash 8,2
De Havilland Canada DHC-8-201 Dash 8,3
De Havilland Canada DHC-8-311 Dash 8,2
De Havilland Canada DHC-8-402Q Dash 8,4
De Havilland DH-104 Dove 7A,1
De Havilland DH-106 Comet 4B,2
De Havilland DH-106 Comet 4C,2
De Havilland DHC-1 Chipmunk Mk22,1
De Havilland DHC-1 Chipmunk T10,1
Diamond DA-20A-1 Katana,2
Diamond DA-40 NG Diamond Star,1
Diamond DA-40 XLS Diamond Star,1
Diamond DA-40-180 Diamond Star,1
Diamond DA-40NG Diamond Star,1
Diamond DA-42 NG Twin Star,1
Diamond DA-42 Twin Star,1
Diamond DA-62,1
Diamond DV-20A Katana,1
Direct Fly Alto NG,1
Do228 NXT,4
Doflug Bu-131B Jungmann,2
Dornier (RUAG) 228NG,1
Dornier 328-100,2
Dornier 328-120,2
Dornier 328-310 328JET,1
Dornier Do-27B-5,2
Douglas (Lisunov) Li-2T (DC-3),1
Douglas C-47A Skytrain (DC-3),2
Douglas C-47B Dakota 4 (DC-3),2
Douglas C-47B Dakota Mk4 (DC-3),1
Douglas C-47B Skytrain (DC-3),4
Douglas C-54S Skymaster (DC-4),1
Douglas DC-8-21,2
Douglas DC-8-31,1
Douglas DC-8-32,1
Douglas DC-8-33,2
Douglas DC-8-43,1
Douglas DC-8-52,1
Douglas DC-8-53,1
Douglas DC-8-54CF Jet Trader,1
Douglas DC-8-55(F),3
Douglas DC-8-55CF Jet Trader,1
Douglas DC-9-14,1
Douglas DC-9-15RC,1
Druine (Rollason) D-31 Turbulent,1
E1000 GX,1
EC-145T2,2
ELA Aviación 10 Eclipse,5
ELA-07-R-100,1
EOS 15,1
Eclipse EA500,1
Ekolot KR-030 Topaz,1
Embraer 170LR (ERJ-170-100LR),1
Embraer 170STD (ERJ-170-100STD),3
Embraer 170SU (ERJ-170-100SU),1
Embraer 175LL (ERJ-170-200LL),6
Embraer 175LR (ERJ-170-200LR),19
Embraer 175LT (ERJ-170-200LR),1
Embraer 175STD (ERJ-170-200STD),1
Embraer 175SU (ERJ-170-200SU),1
Embraer 190 E2 STD (ERJ-190-300STD),6
Embraer 190AR (ERJ-190-100IGW),2
Embraer 190LR (ERJ-190-100LR),8
Embraer 190SR (ERJ-190-100SR),1
Embraer 190STD (ERJ-190-100STD),11
Embraer 195 E2 STD (ERJ-190-400 STD),1
Embraer 195 E2 STD (ERJ-190-400STD),15
Embraer 195AR (ERJ-190-200IGW),3
Embraer 195LR (ERJ-190-200LR),13
Embraer EMB-120(ERF) Brasilia,2
Embraer EMB-120ER Brasilia,1
Embraer EMB-120RT Brasilia,3
Embraer EMB-135BJ Legacy 600,2
Embraer EMB-135BJ Legacy 650,2
Embraer EMB-500 Phenom 100,2
Embraer EMB-500 Phenom 100E,1
Embraer EMB-505 Phenom 300,10
Embraer EMB-505 Phenom 300E,4
Embraer EMB-545/550 Praetor 500,2
Embraer EMB-550 Legacy 500,2
Embraer EMB-550 Praetor 600,4
Embraer EMB-Praetor 500,2
Embraer ERJ-135LR (EMB-135LR),5
Embraer ERJ-145LR (EMB-145LR),8
Embraer ERJ-145LU (EMB-145LU),1
Embraer ERJ-145XR (EMB-145XR),1
Embraer ERJ-190-100STD,2
Embraer ERJ-190AR(F),1
Embraer Legacy 600 (EMB-135BJ),2
Embraer Lineage 1000 (ERJ-190-100ECJ),5
Embraer Lineage 1000E (ERJ-190-100ECJ),2
Embrarer 170-200LR,3
Erco 415C Ercoupe,1
Eurocopter AS 350B2 Ecureuil,1
Eurocopter AS-350B-2 Ecureuil,1
Eurocopter AS-350B-3 Ecureuil,1
Eurocopter AS-355N Ecureuil 2,1
Eurocopter AS-355N TwinStar,1
Eurocopter AS350B3 Ecureuil,2
Eurocopter EC-130B-4,1
Eurocopter EC-130B-4 (AS-350B-4),1
Eurocopter EC-135P-2,2
Eurocopter EC-135T-2,1
Eurocopter EC-135T-2+,1
Eurocopter-Kawasaki BK-117C-1,1
Express-A (mock-up),1
Extra 330SC,1
Extra EA-200,1
Extra EA-300SC,1
F6N,1
FK Lightplanes FK9 Mark VI,1
Fairchild Dornier 328-310 328JET,1
Fairchild F-27F,1
Fairchild F-27J,1
Fairchild M-62A Cornell,1
Fairchild SA-227AC Metro III,1
Fairchild SA-227AT Merlin IVC,1
Fairchild Swearingen SA-227AC Metro III,1
Fleet 7B,1
Flight Design CT-SL,1
Flight Design CT-SW,2
Flight Design F2,2
Fly Synthesis Texan Evo,1
Fokker 100 (F-28-0100),5
Fokker 50,4
Fokker F-27-100 Friendship,1
Fokker F-27-200 Friendship,3
Fokker F-27-500 Friendship,1
Fokker F-27-600 Friendship,2
Fokker F-28-1000 Fellowship,3
Fouga CM-170R Magister,1
Fournier (Sportavia-Putzer) RF-5B Sperber,1
Fuji FA-200-180 Aero Subaru,1
G-700,1
G-91R/1A,1
GEO-IK (mock-up),1
Gates Learjet 24D,1
Gates Learjet 25B,1
Genevation GenPro,1
Gerle 12,1
Global 5000,1
Glufstream G550,1
Great Lakes 2T-1A-1 Sport Trainer,1
Grob G-103 Twin Astir,1
Grob G-109B,4
Grob G-115B,1
Grumman American AA-1B,1
Grumman American AA-5 Traveller,1
Grumman G-1159 Gulfstream II,1
Guimbal Cabri G2,2
Gulfstream Aerospace C-20F Gulfstream IV (G-IV),1
Gulfstream Aerospace G-1159A Gulfstream III,1
Gulfstream Aerospace G-IV Gulfstream G300,2
Gulfstream Aerospace G-IV Gulfstream IV-SP,2
Gulfstream Aerospace G-IV-X Gulfstream G450,5
Gulfstream Aerospace G-V Gulfstream V,1
Gulfstream Aerospace G-V-SP Gulfstream G550,6
Gulfstream Aerospace G-V-SP Gulfstream G550 (C-37B),1
Gulfstream Aerospace G-VIII G800,1
Gulfstream Aerospace G100,1
Gulfstream Aerospace G200,2
Gulfstream Aerospace G280,4
Gulfstream Aerospace G650 (G-VI),1
Gulfstream Aerospace G650ER (G-VI),5
Gulfstream Aerospace GVII-G600,3
Gulfstream Aerospace V,1
Gulfstream American G-1159 Gulfstream II,1
Gulfstream G200,1
Gulfstream G550,5
Gulfstream G700,2
Gulstream Aerospace G-500,1
H175,1
Hawker Beechcraft 400XP,1
Hawker Beechcraft B200GT King Air,1
Hawker Beechraft 900XP,2
Hawker Siddeley HS-121 Trident 1C,1
Hawker Siddeley HS-121 Trident 2E,1
Hawker Siddeley HS-121 Trident 3B,1
Hawker Siddeley HS-748 Srs2A/108,1
Hawker Siddeley HS-748 Srs2A/264,1
Hawker Siddeley Hawk T1 (HS-1182),1
Helibras AS-350B-2 Esquilo,1
Hindustan SA-316B Chetak,1
Honda HA-420 HondaJet,3
Honda HA-420 HondaJet Elite,1
Honda HA-420 HondaJet Elite II,1
Hughes 300C (269C),1
Humbert Aviation Tetras 912 CS,1
ICP MXP-740 Savannah S,1
ICP MXP-740 Savannah VG,1
Ilyushin Il-18Gr,1
Ilyushin Il-62,4
Ilyushin Il-62M,8
Ilyushin Il-62MGr,1
Ilyushin Il-76MD,2
Ilyushin Il-76TD,10
Ilyushin Il-86,2
Ilyushin Il-96-300,1
Israel Aircraft Industries IAI-1126 Galaxy/ Gulfstream G200,1
Jihlavan KP-5 Skyleader 510,1
Jodel D-112,1
Jodel D-9 Bebe,1
Jodel DR 250-160,1
Junkers A-50 Junior (replica),1
Junqua RJ-03 Ibis,1
Kamov Ka-26,1
Kamov Ka-26 Hoodlum,1
Kamov Ka-32A11BC,1
Kamov Ka-32T,1
Kamov Ka-62,1
King Air 360,1
Kitfox S7 Super Sport,1
Kodiak 100,1
Krepps KP51,1
L-65 Seabear,1
LSA,1
Lancair Lancair 360 MkII,1
Lear Jet 23,1
Learjet 24D,1
Learjet 35A,1
Learjet 45,4
Learjet 70,1
Learjet 75,1
Leonardo AW-169,1
Leonardo AW109S Trekker,1
Leonardo AW139,1
Leonardo AW189,1
Let L-410... Turbolet,1
Lockheed (Vega) PV-2(AT) Harpoon (L-15),1
Lockheed C-130A Hercules (L-182),1
Lockheed F-104N Starfighter,1
Lockheed L-100-20 Hercules (L-382E),2
Lockheed L-100-30 Hercules (L-382G),10
Lockheed L-1011-385-1 TriStar 1,4
Lockheed L-1011-385-1 TriStar 50,1
Lockheed L-1011-385-1-15 TriStar 250,1
Lockheed L-1011-385-3 TriStar 500,5
Lockheed L-1329 JetStar II,1
Lockheed L-188A(F) Electra,1
Lockheed L-188C(F) Electra,2
Lockheed Martin F-35A Lightning II,1
Lockheed VC-140B JetStar (L-1329),1
Long Ranger III,3
Léger Pataplume 2,1
MK VIII,1
MS-733 Alcyon,1
Magni Gyro M-22 Voyager,1
Magni Gyro Magni M16C,1
Maule M-5-235C Lunar Rocket,1
McDonnell Douglas DC-10-10,3
McDonnell Douglas DC-10-15,2
McDonnell Douglas DC-10-30,8
McDonnell Douglas DC-10-30(F),1
McDonnell Douglas DC-10-30CF,3
McDonnell Douglas DC-8-54AF Jet Trader,1
McDonnell Douglas DC-8-61,1
McDonnell Douglas DC-8-61(F),1
McDonnell Douglas DC-8-61CF,1
McDonnell Douglas DC-8-62,2
McDonnell Douglas DC-8-62H/CF,1
McDonnell Douglas DC-8-63,3
McDonnell Douglas DC-8-63CF,2
McDonnell Douglas DC-8-63PF,1
McDonnell Douglas DC-8-71,1
McDonnell Douglas DC-8-73(F),2
McDonnell Douglas DC-9-32,8
McDonnell Douglas DC-9-51,1
McDonnell Douglas MD-11,8
McDonnell Douglas MD-11(F),3
McDonnell Douglas MD-11/ER,1
McDonnell Douglas MD-11F,3
McDonnell Douglas MD-82 (DC-9-82),6
McDonnell Douglas MD-83 (DC-9-83),6
McDonnell Douglas MD-87 (DC-9-87),1
McDonnell Douglas MD-88,1
McDonnell Douglas MD-90-30,1
McDonnell Douglas MD-902 Explorer,1
Messerschmitt Bf-109E-4,1
Mil Mi-8AMT,1
Mil Mi-8T,1
Mooney M-20C Ranger,1
Mooney M-20D Master,1
Mooney M-20E Super 21,1
Mooney M-20M TLS,1
Mudry CAP-10B,1
Navion Rangemaster G-1,1
Nieuport 24 Replica,1
Noorduyn AT-16 Harvard II,1
North American B-25J Mitchell,1
North American F-86H Sabre,1
North American P-51D Mustang,3
North American Rockwell OV-10B Bronco,2
North American SNJ-6 Texan,1
North American T-28A Trojan,1
North American T-28C Trojan,1
North American T-6D Texan,1
North American T-6G Texan,1
North American TF-51D Mustang,1
Northrop (AIDC) F-5F Tiger II,1
P-68 Observer 2,1
PZL-Mielec M-15 Belphegor,1
PZL-Okecie PZL-101A Gawron,1
PZL-Okecie PZL-104 Wilga 35A,1
PZL-Okecie PZL-104 Wilga-35A,3
PZL-Okecie PZL-110 Koliber 150,2
Piaggio P-180 Avanti,1
Piaggio P-180 Avanti II,1
Pilatus Britten-Norman BN-2B-20 Islander,1
Pilatus P-3-05,1
Pilatus P2-05,1
Pilatus PC-12 NG (PC-12/47E),1
Pilatus PC-12 NGX,5
Pilatus PC-12/45,1
Pilatus PC-12/47E,1
Pilatus PC-12/47E (PC-12 NG),3
Pilatus PC-12/47E (PC-12 NGX),3
Pilatus PC-12/47G PRO,2
Pilatus PC-24,10
Piper J4A-S,1
Piper L-18C Super Cub,1
Piper L-18C Super Cub (PA-18-95),1
Piper PA-18-150 Super Cub,3
Piper PA-18-95 Super Cub,1
Piper PA-22-150 Caribbean,1
Piper PA-22-150/TD Tri-Pacer,1
Piper PA-23-250 Aztec,1
Piper PA-23-250 Aztec E,1
Piper PA-23-250 Aztec F,1
Piper PA-28-140 Cherokee Cruiser,1
Piper PA-28-161 Cadet,2
Piper PA-28-161 Warrior II,2
Piper PA-28-161 Warrior III,1
Piper PA-28-161 Warrior ll,2
Piper PA-28-180 Cherokee,1
Piper PA-28-180 Cherokee Challenger,2
Piper PA-28-180 Cherokee G,1
Piper PA-28-181 Archer II,10
Piper PA-28-181 Archer III,3
Piper PA-28-181 Cherokee Archer II,1
Piper PA-28-181 Pilot 100i,1
Piper PA-28-201T Turbo Dakota,1
Piper PA-28R-180 Cherokee Arrow,1
Piper PA-28R-200 Arrow II,1
Piper PA-28R-200 Cherokee Arrow II,2
Piper PA-28R-201 Arrow III,1
Piper PA-28RT-201 Arrow IV,2
Piper PA-28RT-201T Turbo Arrow IV,3
Piper PA-31-310 Navajo,1
Piper PA-31-310 Navajo C,1
Piper PA-31-350 Chieftain,1
Piper PA-31-350 Navajo Chieftain,1
Piper PA-31T-620 Cheyenne II,1
Piper PA-32-260 Cherokee Six,1
Piper PA-32R-301 Saratoga II HP,1
Piper PA-38-112 Tomahawk,1
Piper PA-38-112 Tomahawk ...,1
Piper PA-39-160 Turbo Twin Comanche C/R,1
Piper PA-46-350P M350,1
Piper PA-46-350P Malibu Mirage,1
Pipistrel Sinus,1
Pipistrel-Virus SW 128 Velis Electro,1
Pitts S-1 Special,1
Platzer Kiebitz,1
Porterfield CP-65 Collegiate,1
Prognoz (mock-up),1
RACER,4
Rans S-6ES Coyote II 582,1
Rans S-7 Courier,1
Rans S-7S Courier,1
Raytheon 1900D,1
Raytheon 350 King Air (B300),1
Raytheon A36 Bonanza,1
Raytheon B200 King Air,1
Raytheon Hawker 850XPi,1
Reims Cessna F150L,3
Reims F150G,1
Reims F150L,1
Reims F152,1
Reims F152 II,1
Reims F172D Skyhawk,1
Reims F172G Skyhawk,1
Reims F172H Skyhawk,1
Reims F172L Skyhawk,1
Reims F172M Skyhawk,2
Reims F172N,1
Reims F172N Skyhawk,1
Reims F172N Skyhawk 100,1
Reims F172N Skyhawk 100 II,2
Reims F406 Caravan II,1
Reims FR172H Reims Rocket,1
Reims/Cessna F172M Skyhawk II,1
Remos G3 Mirage,1
Robin DR-400-135CDI Ecoflyer,1
Robin DR-400-180R Regent,1
Robin DR-400-180R Remorqueur,5
Robin DR-400-180S Regent,1
Robin DR-400-500 President,1
Robin HR-200-100 Club,1
Robinson R-22 Beta II,1
Robinson R-44 Clipper II,2
Robinson R-44 II,1
Robinson R-44 Raven I,1
Robinson R-44 Raven II,7
Rockwell 690B Turbo Commander,1
Rockwell 695 Jetprop 980,1
Rockwell Commander 112A,1
Roko Aero NG6 UL,1
Roko NG4 UL,1
Ryan Navion G,1
Ryan PT-22 Recruit (ST3KR),3
SC-7 Skyvan,1
Saab 2000,3
Saab 340B,3
Saab 340B/Plus,2
Saab RF-35 Draken,1
Salmson D.6 Cricri,1
Savannah S,1
Scheibe SF-25B Falke,2
Scheibe SF-25C Falke,2
Schleicher ASK-13,1
Schleicher Ka-7 Rhonadler,1
Shenyang F-6,1
Short SC-7-3M-400 Skyvan,1
Sikorsky (Erickson) S-64E Aircrane,2
Sikorsky S-64E Skycrane,1
Sikorsky UH-60A Black Hawk (S-70A),1
Sikorsky UH-60M Black Hawk,1
Skystar Kitfox IV - Classic,1
Skystar Kitfox S7,1
Sling Aircraft Sling 4 TSi,2
Sling Aircraft Sling HW,1
Socata Rallye 180TS Galerien,1
Socata TB-10 Tobago,1
Socata TB-20 Trinidad GT,1
Socata TB-30 Epsilon,2
Socata TBM-700,2
Socata TBM-850 (700N),1
Socata TBM-900,1
Stearman PT-13B/R985 Kaydet (A75),2
Stemme S-10V,1
Stinson O (Replica),1
Sud SE-210 Caravelle 10B3 Super B,2
Sud SE-210 Caravelle III,6
Sud SE-210 Caravelle VI-N,6
Sud SE-210 Caravelle VI-R,2
Sukhoi SSJ-100-95B Superjet 100 (RRJ-95B),5
Supermarine 361 Spitfire Mk9,1
Supermarine 365 Spitfire PR11,1
Supermarine 379 Spitfire FR14,1
TBM 960,1
TL-Ultralight TL-3000 Sirius,1
TL-Ultralight TL-96 Star,3
Taylorcraft Plus D,1
Technoavia SP-55M,1
Tecnam P-2002 Sierra,1
Tecnam P-2006T,1
Tecnam P-2008JC MkII,2
Tecnam P-2010P TwentyTen,1
Tecnam P-2012 Traveller,1
Tecnam P-92 Echo,2
Tecnam P-92 Echo Classic,1
Tecnam P-92 Echo Super,1
Tecnam P-92JS Echo,2
Tecnam P-92S Echo,1
Textron Aviation 700,1
Textron Aviation Inc. 172S,1
Tomark Aero SD-4 Viper RTC,1
Tomark Aero Viper SD-4,1
Transall C-160P,2
Travel Air E-4000,1
Tupolev Tu-134A-3,2
Tupolev Tu-154,1
Tupolev Tu-154B-2,3
Tupolev Tu-154M,7
Tupolev Tu-214,1
Tupolev Tu-214SUS,1
UOC,1
Ultralight Concept SV4-RS,1
VFW-Fokker VFW-614,2
VL-3 Evolution 915 is,1
VL-3 Evolution RG,1
Van's RV-10,1
Van's RV-12,1
Van's RV-4,2
Van's RV-7,4
Van's RV-7A,1
Van's RV-8,11
Vickers 701 Viscount,1
Vickers 708 Viscount,1
Vickers 732 Viscount,1
Vickers 784D Viscount,1
Vickers 806 Viscount,1
Vickers Super VC10 Srs1151,4
Vickers Super VC10 Srs1154,1
Wolf Wolfpitts Special,1
Yakovlev (Bacau )Yak-52,1
Yakovlev (Bacau) Yak-52,1
Yakovlev (Bacau) Yak-52TD,1
Yakovlev Yak-18T,1
Yakovlev Yak-40K,1
Yakovlev Yak-42D,4
Yakovlev Yak-52,1
ZQ-2E,1
Zenair CH-601 UL Zodiac,1
Zenith CH650B,1
Zeppelin LZ N07-101 Zeppelin NT,1
Zivko Edge 540 V2,1
Zlin Z-142,2
Zlin Z-143LSi,1
Zlin Z-526AFS,1
Zlin Z-526F,1
