Variant,Image Count
ATR 72 (AT72/AT73/AT74/AT75/AT76),236
Airbus A319-100/A319 NEO (A319/A19N),553
Airbus A320-100/-200/A320 NEO (A320/A20N),2996
Airbus A321-100/-200/A321 NEO (A321/A21N),1888
Airbus A330-200/-800 NEO (A332/A338),384
Airbus A330-300/-900 NEO (A333/A339),820
Airbus A340-300 (A343),91
Airbus A350-1000 XWB (A351),153
Airbus A350-900 XWB (A359),710
Airbus A380-800 (A388),238
Boeing 737-300 (B733),123
Boeing 737-400 (B734),116
Boeing 737-700/Boeing 737 MAX 7 (B737/B37M),275
Boeing 737-800/Boeing 737 MAX 8 (B738/B38M),3012
Boeing 737-900/-900ER/Boeing 737 MAX 9 (B739/B39M),309
Boeing 747-400 (B744),572
Boeing 747-8 (B748),227
Boeing 757-200 (B752),237
Boeing 767-300/-300ER (B763),492
Boeing 777-200/-200ER/-200LR/F (B772/B77L),689
Boeing 777-300/-300ER (B773/B77W),728
Boeing 787-10 (B78X),182
Boeing 787-8 (B788),293
Boeing 787-9 (B789),741
Bombardier CS300/Airbus A220-300 (BCS3),291
Bombardier Global 6000/6500/Global Express (GLEX),132
Canadian Regional Jet CRJ-900/-705/Challenger 890 (CRJ9),112
Cessna 172 Skyhawk/Cutlass/Hawk (C172/C72R),186
Cessna 525 CitationJet/CJ/M2 (C525),137
Cessna 560XL Citation Excel/XLS (C56X),99
De Havilland Canada DHC-8-400 Dash 8 (DH8D),133
Embraer E175 (E75S/E75L),208
Embraer E190/Embraer Lineage 1000 (E190),221
Embraer E195 (E195),95
Embraer EMB 505-300 Phenom 300 (E55P),95
Gulfstream G500/550 (GA5C),101
McDonnell Douglas MD-81/-82/-83/-88 (MD81/MD82/MD83/MD88),115
Pilatus PC-12 (PC12),113
Piper PA-28 Cherokee (P28A/B/R/S/T/U),181
