Aircraft Model,Image Count
(CL-600-2D24),1
108 3 Voyager,1
172RG Cutlass RG,1
172S Skyhawk SP,2
2,1
222,1
230,1
737-8 MAX,3
737-8AS (WL),2
737-8FE(BDSF)(WL),1
737-8GP,2
737-8K5,2
777-36N/ER(BDSF),13
777-36NER(SF),1
777-F,1
7K-T,1
8KCAB,2
95-B55,2
A-109E Power Elite,2
A-109S Grand,2
A2 CZ Ellipse Spirit,2
A22L Foxbat,2
A321-271NY,1
A330-841,1
AG-600,2
AIR Epic LT,1
AISA I-115,1
AMD CH-2000 Alarus,2
APM-20 Lionceau,1
ATEC 321 Faeta,1
ATR 42-500,3
ATR ATR-42-300,7
ATR ATR-42-300(QC),1
ATR ATR-42-320,2
ATR ATR-42-320(F),1
ATR ATR-42-320F,1
ATR ATR-42-500,9
ATR ATR-42-600,19
ATR ATR-72,1
ATR ATR-72-201,1
ATR ATR-72-201(F),5
ATR ATR-72-202,9
ATR ATR-72-202(F),5
ATR ATR-72-212,12
ATR ATR-72-212(F),1
ATR ATR-72-212A,6
ATR ATR-72-500 (ATR-72-212A),47
ATR ATR-72-500(F) (ATR-72-212A),9
ATR ATR-72-600 (ATR 72-212A),46
ATR ATR-72-600 (ATR-72-212A),83
ATR ATR-72-600 (ATR-72-215A),1
ATR ATR-72-600C (ATR-72-212A),2
ATR ATR-72-600F,1
ATR ATR-72-600TMPA (ASW),1
ATR-72-600 (ATR-72-212A),6
AVIC AG600M,4
AW169,1
Aermacchi MB-326E,1
Aermacchi MB-326M Impala 1,1
Aero 560A Commander,1
Aero 680E Commander,1
Aero Boero AB-115,1
Aero Commander 100 Darter Commander,1
Aero Commander 500B Commander,1
Aero Commander 680 Super,2
Aero Commander 680F Commander,1
Aero Commander 681 Hawk Commander,1
Aero Designa Pulsar XP,1
Aero L-29 Delfin,3
Aero L-39 Albatros,3
Aero L-39C Albatros,7
Aero L-39ZA Albatros,1
Aero L-39ZO Albatros,5
Aero Services Guepard 912,1
Aero Spacelines 377SG Super Guppy,2
Aero Spacelines 377SGT Super Guppy Turbine,1
Aero Vodochody L-39C Albatross,2
Aero-Kros MP-02 Czajka,1
Aerobravo Patriot,1
Aeronca 7AC Champion,4
Aeronca 7BCM,1
Aeronca 7BCM Champion,1
Aeropilot Legend 540,2
Aeropilot Legend 600 LSA,1
Aeroprakt A-22 Foxbat,1
Aeroprakt A-22L Foxbat,1
Aeroprakt A-22L2 Foxbat,1
Aeroprakt A-32,2
Aeroprakt A-32 Vixxen,2
Aeroprakt A-32L,2
Aeroprakt A.32L Vixxen,1
Aeropro Eurofox,1
Aeropro Eurofox 3K,1
Aeroservices Guepard SG10A - 912,1
Aerospatiale (Westland) SA-341D Gazelle HT3,2
Aerospatiale AS-332L Super Puma,1
Aerospatiale AS-332L1 Super Puma,4
Aerospatiale AS-350B Ecureuil,2
Aerospatiale AS-350B-2 Ecureuil,7
Aerospatiale AS-350B-3 Ecureuil,6
Aerospatiale AS-350B3 Ecureuil,3
Aerospatiale AS-350BA Ecureuil,4
Aerospatiale AS-350BA Squirrel,1
Aerospatiale AS-355F Ecureuil 2,2
Aerospatiale AS-355F-1 Ecureuil 2,1
Aerospatiale AS-355F-1 TwinStar,1
Aerospatiale AS-355F-2 Ecureuil 2,1
Aerospatiale AS-355N Ecureuil 2,2
Aerospatiale SA-315B Lama,3
Aerospatiale SA-316B Alouette III,1
Aerospatiale SA-330F Puma,1
Aerospatiale SA-341F2 Gazelle,2
Aerospatiale SA-341G Gazelle,1
Aerospatiale SA-342J Gazelle,1
Aerospatiale SA-342M Gazelle,1
Aerospatiale SA-365C-3 Dauphin 2,1
Aerospatiale SE-210 Caravelle 12,1
Aerospatiale SN-600 Corvette,1
Aerospatiale SN-601 Corvette 100,1
Aerospatiale-BAC Concorde,1
Aerospatiale-BAC Concorde 100,1
Aerospatiale-BAC Concorde 101,3
Aerospatiale-British Aerospace Concorde 101,2
Aerospatiale-British Aerospace Concorde 102,3
Aerospool WT-9 Dynamic,7
Aerospool WT-9 Dynamic (LSA),1
Aerospool WT-9 Dynamic LSA,1
Aerospool WT-9 Dynamic S-MAX,1
Aerotec MXP-800 Fantasy,1
Aerotechnik L-13SW Vivat,1
Agusta A-109A Hirundo,1
Agusta A-109A Mk2,3
Agusta A-109A Mk2 Plus,1
Agusta A-109C,1
Agusta A-109E Power,4
Agusta A-109S Grand,4
Agusta A-119 Koala,1
Agusta A-119 Koala Mk.II,1
Agusta AB-212,1
Agusta AB-412HP Grifone,1
Agusta AB139,1
Agusta AW109SP GrandNew,1
Agusta Westland MH-169A,1
Agusta Westland UH-169C,2
Agusta-Bell AB-47J-3 Super Ranger,1
AgustaWestland (Agusta-Bell) AB-139,2
AgustaWestland AW-109 Trekker,1
AgustaWestland AW-109E Power,4
AgustaWestland AW-109E Power Elite,2
AgustaWestland AW-109S Grand,1
AgustaWestland AW-109SP GrandNew,7
AgustaWestland AW-119 MkII Koala (AW-119 Ke),3
AgustaWestland AW-139,49
AgustaWestland AW-149,3
AgustaWestland AW-169,7
AgustaWestland AW-189,1
AgustaWestland AW189,6
Ahrens LY-542K Stoesser,1
Air Creation Tanarg 912ES,1
Air Domi Trophy TT2000,1
Air Tractor AT-402A,2
Air Tractor AT-502,1
Air Tractor AT-502A,2
Air Tractor AT-502B,1
Air Tractor AT-502XP,2
Air Tractor AT-504,1
Air Tractor AT-802,2
Air Tractor AT-802A,3
Air Tractor AT-802A Fire Boss,2
Air Tractor AT-802F Fire Boss,2
Air Tractor OA-1K Skyraider II,1
Airborne XT-912,1
Airbus A220-100,26
Airbus A220-100 (ACJ),2
Airbus A220-171,6
Airbus A220-300,163
Airbus A220-371,94
Airbus A300-...,1
Airbus A300B2-1C,2
Airbus A300B2K-3C,1
Airbus A300B4-103,2
Airbus A300B4-103(F),1
Airbus A300B4-203,7
Airbus A300B4-203(F),5
Airbus A300B4-2C,1
Airbus A300B4-601,1
Airbus A300B4-603,2
Airbus A300B4-605R,10
Airbus A300B4-605R(F),2
Airbus A300B4-608ST Super Transporter,5
Airbus A300B4-620,2
Airbus A300B4-622R,8
Airbus A300B4-622R(F),14
Airbus A300B4-622RF,1
Airbus A300C4-605R,1
Airbus A300F4-605R,12
Airbus A300F4-605R(F),7
Airbus A300F4-622R,8
Airbus A300F4-622R(F),2
Airbus A310-203,4
Airbus A310-203(F),1
Airbus A310-204,1
Airbus A310-222(F),1
Airbus A310-304,6
Airbus A310-304(F),3
Airbus A310-308,2
Airbus A310-308(F),8
Airbus A310-308/ET,1
Airbus A310-322,2
Airbus A310-324,6
Airbus A310-325/ET,2
Airbus A318-111,15
Airbus A319-111,169
Airbus A319-112,137
Airbus A319-113,2
Airbus A319-114,41
Airbus A319-115,22
Airbus A319-131,54
Airbus A319-132,84
Airbus A319-133,8
Airbus A319-153N,8
Airbus A319-153N ACJ,1
Airbus A320-...,1
Airbus A320-211,51
Airbus A320-212,33
Airbus A320-214,1116
Airbus A320-214(WL),26
Airbus A320-216,156
Airbus A320-231,16
Airbus A320-232,540
Airbus A320-232 (P2F),2
Airbus A320-232(WL),25
Airbus A320-233,37
Airbus A320-251N,601
Airbus A320-252N,42
Airbus A320-271N,329
Airbus A320-272N,15
Airbus A321-111,8
Airbus A321-112,3
Airbus A321-131,17
Airbus A321-211,222
Airbus A321-211(P2F),11
Airbus A321-211(PCF),6
Airbus A321-212,9
Airbus A321-213,10
Airbus A321-231,381
Airbus A321-231(P2F),17
Airbus A321-231(PCF),3
Airbus A321-232,10
Airbus A321-232(PCF),3
Airbus A321-251N,10
Airbus A321-251NX,354
Airbus A321-251NXLR,15
Airbus A321-252NX,62
Airbus A321-253N,7
Airbus A321-253NX,57
Airbus A321-253NY,9
Airbus A321-253NY XLR,6
Airbus A321-271N,35
Airbus A321-271NX,557
Airbus A321-271NXLR,9
Airbus A321-271NY,6
Airbus A321-271NY XLR,10
Airbus A321-272N,18
Airbus A321-272NX,31
Airbus A330 Voyager KC2 (A330-243MRTT),1
Airbus A330-200,2
Airbus A330-202,70
Airbus A330-202(P2F),5
Airbus A330-203,30
Airbus A330-223,39
Airbus A330-223F,6
Airbus A330-243,138
Airbus A330-243(P2F),34
Airbus A330-243F,51
Airbus A330-300,1
Airbus A330-300P2F,1
Airbus A330-301,1
Airbus A330-302,72
Airbus A330-302(P2F),9
Airbus A330-303,43
Airbus A330-321,2
Airbus A330-322,2
Airbus A330-323,67
Airbus A330-341,2
Airbus A330-342,5
Airbus A330-343,363
Airbus A330-343(P2F),23
Airbus A330-343P2F,19
Airbus A330-743L Beluga XL,10
Airbus A330-841N,3
Airbus A330-941,102
Airbus A330-941N,108
Airbus A340-211,4
Airbus A340-212,2
Airbus A340-213,1
Airbus A340-311,6
Airbus A340-312,2
Airbus A340-313,76
Airbus A340-313X,7
Airbus A340-541,3
Airbus A340-642,50
Airbus A350-1041,152
Airbus A350-1041ULR,1
Airbus A350-900,8
Airbus A350-941,698
Airbus A350-941ACJ,3
Airbus A350-941ULR,1
Airbus A380-800,2
Airbus A380-841,84
Airbus A380-842,34
Airbus A380-861,118
Airbus A400M Atlas,1
Airbus ACJ318 (A318-112/CJ),13
Airbus ACJ319 (A319-113/CJ),2
Airbus ACJ319 (A319-115/CJ),9
Airbus ACJ319 (A319-133/CJ),9
Airbus ACJ319N (A319-153N/CJ),7
Airbus ACJ320 (A320-232/CJ),3
Airbus ACJ320N (A320-251N/CJ),3
Airbus ACJ321 (A321-211/CJ),1
Airbus ACJ330-243,1
Airbus AS350B3 Ecureuil,4
Airbus CC-330 (A330-200),3
Airbus H145M,1
Airbus Helicopter  EC145T2,1
Airbus Helicopter H 135,2
Airbus Helicopter H135 T3,3
Airbus Helicopters (Kawasaki) BK117D-3 (H145),7
Airbus Helicopters ACH175,1
Airbus Helicopters AS350-B3 Ecureuil,2
Airbus Helicopters AS365N2 Dauphin,1
Airbus Helicopters AS365N3+ Dauphin II,1
Airbus Helicopters EC-135P-2+,2
Airbus Helicopters EC135T3H,1
Airbus Helicopters EC145,1
Airbus Helicopters EC155B1,1
Airbus Helicopters H-145 (BK-117D-2),3
Airbus Helicopters H-145 (BK117D-3),4
Airbus Helicopters H125,8
Airbus Helicopters H125 (AS-350B3e),2
Airbus Helicopters H125 (AS350B3),2
Airbus Helicopters H130,4
Airbus Helicopters H130 B4,1
Airbus Helicopters H130T2,4
Airbus Helicopters H135 P3,1
Airbus Helicopters H145,22
Airbus Helicopters H145 D3,4
Airbus Helicopters H160,1
Airbus Helicopters H160B,7
Airbus Helicopters H175 (EC-175),6
Airbus Helicopters H215 Super Puma,1
Airbus Helicopters H225,2
Airbus Helicopters MBB BK 117 D-2,1
Airbus Helicopters MBB BK 117 D-3,2
Airbus Helicopters-Kawasaki MBB-BK 117C-2 (EC145),1
Airbus VC-1A (A319-133/CJ),2
Albatros B.II Replica,1
Alekseyev Strizh,1
Alisport Silent-In,1
Alpha Trainer,5
Alpi Aviation Pioneer 300 Hawk,1
Alpi Aviation Pioneer 300 Standard,1
Alpi Pioneer 200,2
Alpi Pioneer 300 STD,1
Alpi Pioneer 300STD,1
American Blimp Corporation A-60+,1
American Champion 7ECA Citabria Aurora,1
American Champion 7GCBC Citabria Explorer,1
American Champion 8GCBC Scout,3
American Champion 8GCBC-210 Denali Scout,1
American Champion 8KCAB-180 Super Decathlon,3
American Legends AL3,1
Ansat-GMSU,2
Antonov (PZL-Mielec) An-2,7
Antonov (PZL-Mielec) An-2P,3
Antonov (PZL-Mielec) An-2R,8
Antonov (PZL-Mielec) An-2T,4
Antonov (PZL-Mielec) An-2TD,1
Antonov (PZL-Mielec) An-2TP,6
Antonov An-124-100 Ruslan,15
Antonov An-124-100M Ruslan,3
Antonov An-124-100M-150 Ruslan,2
Antonov An-12B,6
Antonov An-12BK,3
Antonov An-12BP,17
Antonov An-12TB,2
Antonov An-148-100B,3
Antonov An-24,1
Antonov An-24RV,9
Antonov An-26,1
Antonov An-26-100,2
Antonov An-26B,9
Antonov An-26B-100,2
Antonov An-28,1
Antonov An-2T,1
Antonov An-30FG,1
Antonov An-32B,1
Antonov An-72,1
Antonov An-74,1
Antonov An-74P,1
Antonov An-74TK-100,1
Antonov An-74TK-300D,1
Aquila A210,3
Aquila A211i G3X,1
Artemis II,4
Asso Aeri Asso IV Whisky,1
Astra SPX,1
Aura Aero Integral R,1
Aura Aero Integral S,1
Auster J-1 Autocrat,2
Auster J-5 Adventurer,1
Auster J-5G Autocar,1
AutoGyro Cavalon,1
AutoGyro Cavalon 916iS,1
AutoGyro Europe Calidus,1
AutoGyro Europe MTO Sport 2017,1
AutoGyro MTOsport,3
Avia BH.1 (replica),1
Aviaproekt AP-55,1
Aviasud AE-209 Albatros,1
Aviasud Mistral,1
Aviat A-1 Husky,1
Aviat A-1C Husky,1
Aviat A-1C-180 Husky,6
Aviat A-1C-200 Husky,2
Aviat Pitts S-2C Special,1
Aviatika Mai-890,1
Aviatika Mai-890U,1
Avro 581A Avian,1
Avro 652A Anson I,1
Avro 748 Srs1/105,1
Aérospatiale AS 355NP Ecureuil 2,1
B & F Technik FK-12 Comet,3
B & F Technik FK-14 Polaris,3
B & F Technik FK-14B Polaris,1
B & F Technik FK-14B2 Polaris,1
B & F Technik FK-9 Club,1
B & F Technik FK-9 ELA,8
B & F Technik FK-9 Ela Executive,1
B & F Technik FK-9 Mk...,1
B & F Technik FK-9 Mk.IV,5
B & F Technik FK-9 Mk.V,1
B & F Technik FK-9 Mk.VI,1
B & F Technik FK-9 Mk3,3
B & F Technik FK-9 Mk3 Utility,2
B & F Technik FK-9 Mk4,1
B & F Technik FK-9 TG,1
B2-H2 Turbo Porter,1
B23,1
B260 King Air,1
B3,1
B430,1
B60 Duke,1
BAC 111-424EU One-Eleven,1
BAC 111-518FG One-Eleven,2
BAC 167 Strikemaster Mk80A,1
BAC 167 Strikemaster Mk88,1
BAE Systems Avro 146-RJ100,1
BAE Systems Avro 146-RJ85,3
BFW (Messerschmitt) M-17,1
BK 117 C-2,1
BO-105CBS-4,1
BRM Aero Bristel,2
BRM Aero Bristel LSA,1
BRM Aero Bristell B23,2
BRM Aero Bristell B23-912iS,1
BRM Aero Bristell LSA,1
BRM Aero Bristell LSA-K,1
BRM Aero Bristell LSA-K-NG,1
BRM Aero Bristell NG 5 LSA,1
BRM Aero Bristell NG-5,1
BRM Aero Bristell NG-5 Speed Wing,1
BRM Aero Bristell UL-HD,1
BRM Aero XL8 Bristell,4
BRM Aero XL8 Bristell Turbine,1
BRM AeroBristell,1
BRM Land Africa,1
Bearhawk Model 5,1
Beech 1900C,1
Beech 1900C-1,1
Beech 1900D,5
Beech 200 Super King Air,6
Beech 200 Super King Air/Catpass 250,1
Beech 2000A Starship I,2
Beech 200C Super King Air,1
Beech 200T Super King Air,2
Beech 23 Musketeer,2
Beech 35 Bonanza,1
Beech 35-C33 Debonair,1
Beech 36 Bonanza 36,1
Beech 56TC Turbo Baron,2
Beech 58 Baron,3
Beech 58... Baron,1
Beech 58P Pressurized Baron,1
Beech 65 Queen Air,1
Beech 65-B80 Queen Air,1
Beech 76 Duchess,1
Beech 77 Skipper,1
Beech 95 B55 Baron,1
Beech 95-A55 Baron,1
Beech A100 King Air,1
Beech A23 Musketeer II,1
Beech A24R Sierra,1
Beech A24R Sierra 200,1
Beech A36 Bonanza,4
Beech A36 Bonanza 36,2
Beech A55 Baron (95-A55),1
Beech A90 King Air,1
Beech B100 King Air,2
Beech B200 Super King Air,5
Beech B200GT Super King Air 250,1
Beech B36TC Bonanza,2
Beech B55 Baron (95-B55),3
Beech Beechjet 400A,2
Beech C-45G Expeditor (D18S),1
Beech C90 King Air,3
Beech C90A King Air,3
Beech C99 Airliner,1
Beech D17R,1
Beech D17S,1
Beech D18S,1
Beech D45 Mentor,1
Beech D50 Twin Bonanza,1
Beech D50C Twin Bonanza,1
Beech D55 Baron,1
Beech E18S,3
Beech E55 Baron,1
Beech E90 King Air,2
Beech F33A Bonanza,7
Beech F35 Bonanza,1
Beech F90 King Air,1
Beech F90-1 King Air,1
Beech G18S,1
Beech G36 Bonanza,1
Beech K35 Bonanza,1
Beech M35 Bonanza,1
Beech P35 Bonanza,1
Beech Super King Air 300,2
Beech Super King Air 350 (B300),1
Beech T-34A Mentor (45),3
Beech T-34B Mentor (D45),2
Beech UC-45J Expeditor (18),1
Beech V35 Bonanza,2
Beech V35A Bonanza,1
Beech V35B Bonanza,5
Beechcraft 1900D,1
Beechcraft 200 King Air,6
Beechcraft 200 Super King Air,4
Beechcraft 200C Super King Air,1
Beechcraft 250 King Air (200GT),6
Beechcraft 250 King Air (B200CGT),1
Beechcraft 35-C33A Bonanza,1
Beechcraft 350 King Air (B300),3
Beechcraft 350ER King Air (B300),3
Beechcraft 350i King Air (B300),2
Beechcraft 360 King Air,1
Beechcraft 58 Baron,2
Beechcraft 58P Baron,1
Beechcraft 99 Airliner,1
Beechcraft A35 Bonanza,1
Beechcraft A36 Bonanza,9
Beechcraft B200 Super King Air,2
Beechcraft B200GT King Air 250,4
Beechcraft B200GT King Air 260,3
Beechcraft B200GT Super King 260,1
Beechcraft B200GT Super King Air,2
Beechcraft B300 King Air 350i,2
Beechcraft B300C King Air 360CER,1
Beechcraft B36TC Bonanza,2
Beechcraft Beechjet 400A,1
Beechcraft C23 Sundowner,1
Beechcraft C90-1 King Air,1
Beechcraft C90A King Air,3
Beechcraft C90B King Air,4
Beechcraft C90GTx King Air,3
Beechcraft E33 Bonanza,1
Beechcraft E90 King Air,1
Beechcraft F90 King Air,1
Beechcraft G58 Baron,2
Beechcraft H35 Bonanza,1
Beechcraft King Air 360,3
Beechcraft M35 Bonanza,2
Beechcraft N35 Bonanza,2
Beechcraft P35 Bonanza,1
Beechcraft Staggerwing D-17S,1
Beechcraft V35 Bonanza,2
Beechcraft V35B Bonanza,4
Bell (Agusta) AB-205A-1,1
Bell (Agusta) AB-206B JetRanger II,6
Bell (Agusta) AB-206B-3 JetRanger III,2
Bell (Agusta) AB-47G-3B-1,1
Bell (Dornier) UH-1D Iroquois (205),1
Bell 205A-1,2
Bell 206B JetRanger II,4
Bell 206B JetRanger III,6
Bell 206B-3 JetRanger III,4
Bell 206L-3 LongRanger III,3
Bell 206L-4 LongRanger IV,3
Bell 212,4
Bell 212 Twin Two-Twelve,2
Bell 214B-1 Biglifter,2
Bell 222SP,1
Bell 222UT,2
Bell 407,9
Bell 407GX,1
Bell 407GXP,2
Bell 407GXi,8
Bell 412,1
Bell 412EP,9
Bell 412HP,3
Bell 427,2
Bell 429 Global Ranger,5
Bell 429 GlobalRanger,6
Bell 430,2
Bell 47H-1 Bellairus,1
Bell 505 Jet Ranger X,12
Bell 505 JetRanger X,1
Bell AH-1F Cobra (209),1
Bell P-39Q Airacobra,1
"Bell UH-1D Iroquois ""Huey""",1
Bell UH-1E Iroquois (204),1
Bell UH-1H,1
Bell UH-1N-BF Iroquois,1
Bellanca 17-30A Super Viking,1
Bellanca 17-31ATC Turbo Viking,1
Bellanca 7GCBC Citabria,3
Bellanca 7KCAB Citabria,1
Bellanca 8KCAB Decathlon,1
Bellanca 8KCAB Super Decathlon,1
Beriev Be-200ChS,2
Beriev Be-32,1
Beriev Be-976 (Il-76SKIP),1
Best Off Skyranger Nynja 912,1
Blackshape Prime,1
Blackwing 635RG,1
Bleriot XI (replica),1
Bo-105P1M,1
Boeing (Air Repair) Boeing/Jones 75,1
Boeing 707-131B,1
Boeing 707-138(B),1
Boeing 707-311C,1
Boeing 707-312B,1
Boeing 707-321B,3
Boeing 707-321C,3
Boeing 707-323B,1
Boeing 707-323C,3
Boeing 707-324C,2
Boeing 707-327C,1
Boeing 707-328C,1
Boeing 707-330,1
Boeing 707-330B,1
Boeing 707-330C,1
Boeing 707-331,1
Boeing 707-331B,2
Boeing 707-331C,2
Boeing 707-336C,5
Boeing 707-337B,1
Boeing 707-338C,3
Boeing 707-344C,1
Boeing 707-347C,1
Boeing 707-351B/SCD,2
Boeing 707-351C,2
Boeing 707-366C,1
Boeing 707-370C,1
Boeing 707-373C,3
Boeing 707-382B,1
Boeing 707-384C,1
Boeing 707-387B,2
Boeing 707-3J6C,1
Boeing 707-3K1C,1
Boeing 707-3P1C,1
Boeing 717-22A,2
Boeing 717-231,9
Boeing 717-23S,5
Boeing 717-2BD,12
Boeing 717-2BL,7
Boeing 717-2CM,2
Boeing 717-2K9,3
Boeing 720-023B,2
Boeing 720-047B,3
Boeing 720-051B,2
Boeing 727-1...,1
Boeing 727-116C,1
Boeing 727-134,1
Boeing 727-155C,1
Boeing 727-17(RE) Super 27,1
Boeing 727-172C,1
Boeing 727-173C,1
Boeing 727-191,1
Boeing 727-193,1
Boeing 727-1A0,1
Boeing 727-200,1
Boeing 727-21,1
Boeing 727-21(F),1
Boeing 727-212/Adv,2
Boeing 727-212/Adv(F),1
Boeing 727-214,1
Boeing 727-22,3
Boeing 727-22(F),2
Boeing 727-222/Adv,3
Boeing 727-223,1
Boeing 727-223/Adv,16
Boeing 727-223/Adv(F),1
Boeing 727-224/Adv,1
Boeing 727-225/Adv,3
Boeing 727-225/Adv(F),1
Boeing 727-227/Adv,4
Boeing 727-227/Adv(F),1
Boeing 727-228,1
Boeing 727-228/Adv,1
Boeing 727-230,3
Boeing 727-230/Adv,2
Boeing 727-231,2
Boeing 727-232/Adv,2
Boeing 727-233/Adv(F),1
Boeing 727-235,2
Boeing 727-247/Adv,2
Boeing 727-25,1
Boeing 727-251,2
Boeing 727-254,1
Boeing 727-264/Adv,1
Boeing 727-264/Adv(F),2
Boeing 727-270/Adv,1
Boeing 727-276/Adv,1
Boeing 727-277/Adv,1
Boeing 727-277/Adv(F),2
Boeing 727-281,1
Boeing 727-281/Adv,1
Boeing 727-287/Adv,1
Boeing 727-2D4/Adv,1
Boeing 727-2D6,1
Boeing 727-2F2/Adv,1
Boeing 727-2H9/Adv,2
Boeing 727-2K5/Adv(F),1
Boeing 727-2L5/Adv,1
Boeing 727-2M7/Adv,1
Boeing 727-2N8/Adv,1
Boeing 727-2S2F/Adv(RE) Super 27,1
Boeing 727-2U5/Adv(RE) Super 27,1
Boeing 727-30,1
Boeing 727-31,3
Boeing 727-44(F),1
Boeing 727-51,2
Boeing 727-62C,1
Boeing 727-95,2
Boeing 737 MAX 8-200,18
Boeing 737- 76N,1
Boeing 737-112,1
Boeing 737-130,1
Boeing 737-201,6
Boeing 737-201/Adv,3
Boeing 737-204,1
Boeing 737-204/Adv,2
Boeing 737-204C,1
Boeing 737-205/Adv,3
Boeing 737-219/Adv,1
Boeing 737-219C/Adv,1
Boeing 737-222,3
Boeing 737-229/Adv,1
Boeing 737-229C/Adv,1
Boeing 737-230/Adv,3
Boeing 737-230C,2
Boeing 737-232/Adv,6
Boeing 737-236/Adv,5
Boeing 737-242C,2
Boeing 737-247,3
Boeing 737-247/Adv,3
Boeing 737-248,1
Boeing 737-25A/Adv,1
Boeing 737-266/Adv,1
Boeing 737-275C/Adv,1
Boeing 737-287,1
Boeing 737-291/Adv,1
Boeing 737-2A1/Adv,1
Boeing 737-2B7/Adv,1
Boeing 737-2C9/Adv,1
Boeing 737-2H4/Adv,5
Boeing 737-2K2/Adv,1
Boeing 737-2K3/Adv,2
Boeing 737-2K9/Adv,3
Boeing 737-2L9/Adv,1
Boeing 737-2M6/Adv,1
Boeing 737-2N0/Adv,1
Boeing 737-2N9C/Adv,1
Boeing 737-2P5/Adv,1
Boeing 737-2P6/Adv,1
Boeing 737-2Q3/Adv,2
Boeing 737-2Q8/Adv,4
Boeing 737-2Q8C/Adv,1
Boeing 737-2R8C/Adv,1
Boeing 737-2S9/Adv,1
Boeing 737-2T4/Adv,1
Boeing 737-2T5/Adv,1
Boeing 737-2W8/Adv,2
Boeing 737-301,1
Boeing 737-301(BDSF),1
Boeing 737-301(SF),2
Boeing 737-306,2
Boeing 737-31B(SF),2
Boeing 737-31S,7
Boeing 737-322,2
Boeing 737-329,1
Boeing 737-330,4
Boeing 737-330(SF),1
Boeing 737-33A,11
Boeing 737-33R,2
Boeing 737-33V,7
Boeing 737-33V(QC),1
Boeing 737-33V(SF),1
Boeing 737-341,2
Boeing 737-347,2
Boeing 737-348(QC),1
Boeing 737-34N,1
Boeing 737-35B,4
Boeing 737-36E(SF),1
Boeing 737-36N,4
Boeing 737-36N(SF),1
Boeing 737-36Q,4
Boeing 737-376(SF),1
Boeing 737-377,1
Boeing 737-37Q,1
Boeing 737-382,1
Boeing 737-39A,1
Boeing 737-3A4,1
Boeing 737-3B3(QC),1
Boeing 737-3B7,2
Boeing 737-3G7,3
Boeing 737-3H4,11
Boeing 737-3H6(SF),1
Boeing 737-3H9,3
Boeing 737-3K2,1
Boeing 737-3K9,1
Boeing 737-3L9,4
Boeing 737-3L9(QC),1
Boeing 737-3M8(QC),1
Boeing 737-3Q8,10
Boeing 737-3Q8(QC),1
Boeing 737-3T0,2
Boeing 737-3T5,2
Boeing 737-3Y0,3
Boeing 737-3Y0(F),2
Boeing 737-3Y5,1
Boeing 737-3Z0,1
Boeing 737-3Z9,1
Boeing 737-401,1
Boeing 737-405,2
Boeing 737-405(SF),1
Boeing 737-408,1
Boeing 737-429(SF),3
Boeing 737-42C,1
Boeing 737-42J(F),1
Boeing 737-430,5
Boeing 737-436,8
Boeing 737-436(SF),3
Boeing 737-43Q,1
Boeing 737-43Q(SF),3
Boeing 737-446,2
Boeing 737-45D,3
Boeing 737-45D(SF),1
Boeing 737-46B,1
Boeing 737-46J,1
Boeing 737-46Q (SF),2
Boeing 737-476(SF),2
Boeing 737-484,14
Boeing 737-48E,4
Boeing 737-48E(SF),1
Boeing 737-490(SF),6
Boeing 737-49R,1
Boeing 737-4B7,2
Boeing 737-4B7(SF),1
Boeing 737-4D7,1
Boeing 737-4D7(SF),1
Boeing 737-4H6,1
Boeing 737-4H6(SF),1
Boeing 737-4K5(SF),3
Boeing 737-4M0(BDSF),1
Boeing 737-4M0(SF),1
Boeing 737-4Q8,16
Boeing 737-4Q8(SF),4
Boeing 737-4S3,3
Boeing 737-4U3,1
Boeing 737-4Y0,9
Boeing 737-4Y0(SF),3
Boeing 737-505,2
Boeing 737-522,5
Boeing 737-524,13
Boeing 737-528,4
Boeing 737-530,1
Boeing 737-53A,3
Boeing 737-548,5
Boeing 737-54K,3
Boeing 737-55D,2
Boeing 737-59D,1
Boeing 737-5B6,2
Boeing 737-5C9,1
Boeing 737-5H3,1
Boeing 737-5H4,1
Boeing 737-5H6,1
Boeing 737-5L9,6
Boeing 737-5Q8,5
Boeing 737-5Y0,4
Boeing 737-66N,6
Boeing 737-683,2
Boeing 737-6CT,1
Boeing 737-6D6,3
Boeing 737-6H3,3
Boeing 737-6Q8,3
Boeing 737-7...,1
Boeing 737-700,5
Boeing 737-700(WL),3
Boeing 737-705,2
Boeing 737-71B,1
Boeing 737-724,7
Boeing 737-73A,1
Boeing 737-73T BBJ,1
Boeing 737-73V,4
Boeing 737-752,3
Boeing 737-75B,1
Boeing 737-75C,5
Boeing 737-75U BBJ,1
Boeing 737-760,1
Boeing 737-76J,2
Boeing 737-76J(WL),1
Boeing 737-76N(WL),4
Boeing 737-76Q,1
Boeing 737-77Z BBJ,2
Boeing 737-781,7
Boeing 737-783,5
Boeing 737-78J,2
Boeing 737-790,1
Boeing 737-79L,3
Boeing 737-79P,11
Boeing 737-79V BBJ,1
Boeing 737-7AK BBJ,1
Boeing 737-7AU BBJ,1
Boeing 737-7B6,1
Boeing 737-7BC BBJ,4
Boeing 737-7BD,14
Boeing 737-7BJ BBJ,3
Boeing 737-7C9,2
Boeing 737-7CJ BBJ,3
Boeing 737-7CT,13
Boeing 737-7CU BBJ,2
Boeing 737-7D6C,2
Boeing 737-7EI BBJ,1
Boeing 737-7EL BBJ,1
Boeing 737-7H4,90
Boeing 737-7HZ BBJ,1
Boeing 737-7JZ BBJ,1
Boeing 737-7K2,30
Boeing 737-7K5,4
Boeing 737-7L9,4
Boeing 737-7LY,1
Boeing 737-7M2,1
Boeing 737-7ME,1
Boeing 737-7Q8,11
Boeing 737-7V3,3
Boeing 737-7Z5 BBJ,2
Boeing 737-7ZH BBJ,1
Boeing 737-8 MAX,872
Boeing 737-8 MAX 200,136
Boeing 737-8 MAX BBJ,2
Boeing 737-8-200 MAX,10
Boeing 737-800,65
Boeing 737-804,2
Boeing 737-804(BCF）,2
Boeing 737-808,2
Boeing 737-808(BDSF),1
Boeing 737-808(BDSF)(WL),2
Boeing 737-808(SF)(WL),2
Boeing 737-809(SF/WL),1
Boeing 737-81B,10
Boeing 737-81B(BCF),1
Boeing 737-81D,11
Boeing 737-81M,4
Boeing 737-81Q,4
Boeing 737-81Z,3
Boeing 737-823,92
Boeing 737-824,29
Boeing 737-82R,16
Boeing 737-82R(WL),5
Boeing 737-82Y,1
Boeing 737-82Z BBJ2,1
Boeing 737-832,21
Boeing 737-838,82
Boeing 737-83N,9
Boeing 737-83N(BCF),3
Boeing 737-83Z,2
Boeing 737-846,37
Boeing 737-84P,54
Boeing 737-84P (BCF),1
Boeing 737-84P(BCF),4
Boeing 737-84R,2
Boeing 737-852,15
Boeing 737-85C,19
Boeing 737-85C(BCF),3
Boeing 737-85C(BCF)(WL),2
Boeing 737-85F,12
Boeing 737-85N,12
Boeing 737-85P,42
Boeing 737-85P(SF),1
Boeing 737-85P(WL),1
Boeing 737-85R,1
Boeing 737-85R(BCF)(WL),1
Boeing 737-85R(SF),1
Boeing 737-85R(WL),1
Boeing 737-866,9
Boeing 737-86D,4
Boeing 737-86J,40
Boeing 737-86J(SF),2
Boeing 737-86N,83
Boeing 737-86N (BCF),1
Boeing 737-86N(BCF),11
Boeing 737-86N(BCF)(WL),9
Boeing 737-86N(WL),3
Boeing 737-86Q,5
Boeing 737-86Q(SF)(WL),2
Boeing 737-86X,1
Boeing 737-87L,11
Boeing 737-881,42
Boeing 737-883,13
Boeing 737-883(BCF),3
Boeing 737-883(SF),1
Boeing 737-88L,4
Boeing 737-88V,1
Boeing 737-890,22
Boeing 737-89L,20
Boeing 737-89M,1
Boeing 737-89P,37
Boeing 737-89P(WL),1
Boeing 737-8AL,20
Boeing 737-8AL(WL),1
Boeing 737-8AS,212
Boeing 737-8AS(BCF),2
Boeing 737-8AS(BCF)(WL),2
Boeing 737-8AS(SF),1
Boeing 737-8AS(WL),31
Boeing 737-8B5,3
Boeing 737-8B6,12
Boeing 737-8BK,15
Boeing 737-8BK(BCF)(WL),2
Boeing 737-8C9,10
Boeing 737-8CT,16
Boeing 737-8CX,2
Boeing 737-8CX(SF),1
Boeing 737-8D6,10
Boeing 737-8D6(BCF),1
Boeing 737-8DC,1
Boeing 737-8EH,26
Boeing 737-8EH(BCF)(WL),1
Boeing 737-8EH(BCF）,1
Boeing 737-8EH(WL),2
Boeing 737-8EQ BBJ2,1
Boeing 737-8EX BBJ2,1
Boeing 737-8F2,85
Boeing 737-8F2(BCF)(WL),6
Boeing 737-8FE,15
Boeing 737-8FE(BDSF)(WL),1
Boeing 737-8FE(WL),4
Boeing 737-8FH,13
Boeing 737-8FH(BCF)(WL),2
Boeing 737-8FN,2
Boeing 737-8FZ,18
Boeing 737-8GJ,13
Boeing 737-8GP,15
Boeing 737-8GP(WL),1
Boeing 737-8GQ,3
Boeing 737-8H4,84
Boeing 737-8H6,28
Boeing 737-8HC,21
Boeing 737-8HG,1
Boeing 737-8HJ,1
Boeing 737-8HO,4
Boeing 737-8HX,14
Boeing 737-8JP,54
Boeing 737-8JP(WL),13
Boeing 737-8K2,54
Boeing 737-8K2(SF)(WL),1
Boeing 737-8K5,49
Boeing 737-8K5(WL),4
Boeing 737-8K5BCF,1
Boeing 737-8KF,1
Boeing 737-8KF(WL),2
Boeing 737-8KG,1
Boeing 737-8KN,18
Boeing 737-8KN(WL),2
Boeing 737-8KV,1
Boeing 737-8LD,2
Boeing 737-8LD(C)(WL),1
Boeing 737-8LJ,15
Boeing 737-8LP,2
Boeing 737-8LW,2
Boeing 737-8MA,1
Boeing 737-8MA(WL),6
Boeing 737-8MB,3
Boeing 737-8MC,2
Boeing 737-8ME,4
Boeing 737-8MG,14
Boeing 737-8Q3,8
Boeing 737-8Q8,39
Boeing 737-8Q8 (BCF),1
Boeing 737-8Q8(WL),4
Boeing 737-8S3,2
Boeing 737-8SA,7
Boeing 737-8SH,9
Boeing 737-8TV BBJ2,1
Boeing 737-8U3,9
Boeing 737-8U3(WL),2
Boeing 737-8V3,8
Boeing 737-8Z0,1
Boeing 737-8Z9,7
Boeing 737-8ZE (BBJ2),1
Boeing 737-8ZQ,1
Boeing 737-9 MAX,149
Boeing 737-900/ER,7
Boeing 737-91M/ER,3
Boeing 737-924,8
Boeing 737-924/ER,50
Boeing 737-932/ER,22
Boeing 737-94X/ER,3
Boeing 737-958/ER,1
Boeing 737-990/ER,24
Boeing 737-9B5,10
Boeing 737-9B5/ER,3
Boeing 737-9F2/ER,3
Boeing 737-9GJ/ER,1
Boeing 737-9GP/ER,21
Boeing 737-9K2,2
Boeing 737-9KF/ER,1
Boeing 737-9KV/ER,1
Boeing 747-121,1
Boeing 747-121(A/SF),2
Boeing 747-122,2
Boeing 747-123(SF),2
Boeing 747-128,2
Boeing 747-129(M),1
Boeing 747-131,2
Boeing 747-133,1
Boeing 747-146,1
Boeing 747-146B/SR/SUD,1
Boeing 747-151,3
Boeing 747-1D1,1
Boeing 747-209B,1
Boeing 747-209F/SCD,1
Boeing 747-212B,4
Boeing 747-217B,1
Boeing 747-219B,2
Boeing 747-21AC/SCD,2
Boeing 747-230B,1
Boeing 747-230B(SF),3
Boeing 747-230BM,1
Boeing 747-233BM,1
Boeing 747-236B,4
Boeing 747-236BM(SF),1
Boeing 747-237B,1
Boeing 747-238B,5
Boeing 747-238BM,1
Boeing 747-240BM,1
Boeing 747-243B,1
Boeing 747-243F/SCD,2
Boeing 747-244B,1
Boeing 747-245F/SCD,1
Boeing 747-246B,2
Boeing 747-246F/SCD,1
Boeing 747-251B,6
Boeing 747-251B(SF),1
Boeing 747-256B,1
Boeing 747-257B,1
Boeing 747-258C,1
Boeing 747-267B,2
Boeing 747-271C/SCD,1
Boeing 747-273C,2
Boeing 747-281B(SF),7
Boeing 747-281F/SCD,3
Boeing 747-282B,1
Boeing 747-284B,1
Boeing 747-287B,1
Boeing 747-2D3B(SF),1
Boeing 747-2D7B,2
Boeing 747-2J9F,1
Boeing 747-2J9F/SCD,1
Boeing 747-312,2
Boeing 747-312M,1
Boeing 747-329M,1
Boeing 747-337M,1
Boeing 747-338,1
Boeing 747-344,1
Boeing 747-346,3
Boeing 747-357M,1
Boeing 747-366M,1
Boeing 747-367,4
Boeing 747-406,3
Boeing 747-406F/ER/SCD,4
Boeing 747-406M,7
Boeing 747-409,8
Boeing 747-409(BDSF),4
Boeing 747-409(LCF) Dreamlifter,1
Boeing 747-409F/SCD,47
Boeing 747-40BF/ER/SCD,2
Boeing 747-412,6
Boeing 747-412(BCF),6
Boeing 747-412(BDSF),2
Boeing 747-412F,4
Boeing 747-412F/SCD,19
Boeing 747-419,1
Boeing 747-419(BDSF),3
Boeing 747-41BF/SCD,6
Boeing 747-41R,1
Boeing 747-422,15
Boeing 747-428,2
Boeing 747-428(BCF),1
Boeing 747-428ERF,5
Boeing 747-428F/ER/SCD,13
Boeing 747-428M,1
Boeing 747-428M(BCF),6
Boeing 747-430,28
Boeing 747-430M,1
Boeing 747-433(BDSF),2
Boeing 747-433M(BDSF),1
Boeing 747-436,12
Boeing 747-437,1
Boeing 747-438,6
Boeing 747-438/ER,3
Boeing 747-443,7
Boeing 747-444(BCF),2
Boeing 747-446,13
Boeing 747-446(BCF),12
Boeing 747-446(BDSF),1
Boeing 747-446D,4
Boeing 747-446F/SCD,9
Boeing 747-44AF/SCD,11
Boeing 747-451,6
Boeing 747-45E(BDSF),8
Boeing 747-45EF/SCD,8
Boeing 747-45EM(BCF),1
Boeing 747-467,4
Boeing 747-467F/ER/SCD,8
Boeing 747-467F/SCD,1
Boeing 747-468,1
Boeing 747-46NF/ER/SCD,1
Boeing 747-46NF/SCD,8
Boeing 747-475,3
Boeing 747-47C,1
Boeing 747-47UF,5
Boeing 747-47UF/SCD,25
Boeing 747-481,5
Boeing 747-481(BCF),8
Boeing 747-481(BDSF),13
Boeing 747-481D,2
Boeing 747-481F(BDSF),1
Boeing 747-481F/SCD,7
Boeing 747-48E,1
Boeing 747-48E(BDSF),4
Boeing 747-48EF/SCD,18
Boeing 747-48EM,1
Boeing 747-48EM(BDSF),7
Boeing 747-4B5,4
Boeing 747-4B5(BCF),5
Boeing 747-4B5(ER/F),2
Boeing 747-4B5F,8
Boeing 747-4B5F/ER/SCD,3
Boeing 747-4B5F/SCD,10
Boeing 747-4D7,7
Boeing 747-4D7(BCF),8
Boeing 747-4EVF/ER/SCD,17
Boeing 747-4F6,3
Boeing 747-4F6(BDSF),1
Boeing 747-4FTF/SCD,4
Boeing 747-4H6,1
Boeing 747-4H6(BCF),3
Boeing 747-4H6(BDSF),5
Boeing 747-4H6F/SCD,2
Boeing 747-4H6M(BCF),1
Boeing 747-4HAF/ER/SCD,14
Boeing 747-4HQF(ER),2
Boeing 747-4HQF/ER,3
Boeing 747-4J6,4
Boeing 747-4J6(LCF) Dreamlifter,4
Boeing 747-4J6M,1
Boeing 747-4KZF/SCD,11
Boeing 747-4P8,1
Boeing 747-4Q8,1
Boeing 747-4R7F/SCD,24
Boeing 747-4U3,1
Boeing 747-830,57
Boeing 747-83QF,12
Boeing 747-83QF/SCD,8
Boeing 747-84AF,3
Boeing 747-867F/SCD,21
Boeing 747-87UF,8
Boeing 747-87UF/SCD,14
Boeing 747-89L,3
Boeing 747-8B5,13
Boeing 747-8B5F/SCD,4
Boeing 747-8F,32
Boeing 747-8HTF/SCD,2
Boeing 747-8I,1
Boeing 747-8KB/BBJ,1
Boeing 747-8KZF/SCD,17
Boeing 747-8R7F/SCD,31
Boeing 747SP-09,1
Boeing 747SP-21,4
Boeing 747SP-27,2
Boeing 747SP-31,2
Boeing 747SP-38,2
Boeing 747SP-44,1
Boeing 747SP-B5,3
Boeing 747SP-J6,4
Boeing 747SR-46(SCA),2
Boeing 747SR-81,3
Boeing 757-204,3
Boeing 757-208,2
Boeing 757-21B,1
Boeing 757-21K,1
Boeing 757-222,2
Boeing 757-222(PCF),1
Boeing 757-222(SF),1
Boeing 757-223,10
Boeing 757-223(PCF),13
Boeing 757-223(PCF)(WL),6
Boeing 757-224,31
Boeing 757-225,4
Boeing 757-225(PCF),2
Boeing 757-22L,1
Boeing 757-230,6
Boeing 757-230(PCF),2
Boeing 757-231,2
Boeing 757-232,26
Boeing 757-232(PCF),1
Boeing 757-236,13
Boeing 757-236(PCF),3
Boeing 757-236(SF),4
Boeing 757-23A,2
Boeing 757-23A(SF),2
Boeing 757-23APF,2
Boeing 757-23N,5
Boeing 757-23N(PCF)(WL),2
Boeing 757-24APF,8
Boeing 757-251,10
Boeing 757-256,12
Boeing 757-256(PCF),1
Boeing 757-258,3
Boeing 757-25C,1
Boeing 757-25C(PCF),1
Boeing 757-26D,3
Boeing 757-27B,1
Boeing 757-28A,6
Boeing 757-28A(PCF),1
Boeing 757-28A(SF),1
Boeing 757-28S(PCF),2
Boeing 757-29J(F),2
Boeing 757-2B7,1
Boeing 757-2B7(SF),1
Boeing 757-2B7(SF)(WL),1
Boeing 757-2F8C,1
Boeing 757-2G5,3
Boeing 757-2G7,2
Boeing 757-2M6,1
Boeing 757-2Q8,10
Boeing 757-2Q8(PCF),6
Boeing 757-2S7,5
Boeing 757-2T7,3
Boeing 757-2Y0,1
Boeing 757-2Z0,1
Boeing 757-2Z0(PCF),1
Boeing 757-308,1
Boeing 757-324,3
Boeing 757-330,21
Boeing 757-33N,8
Boeing 757-351,9
Boeing 767-201/ER,4
Boeing 767-204/ER(BDSF),1
Boeing 767-222,2
Boeing 767-223(BDSF),2
Boeing 767-224/ER,3
Boeing 767-231(BDSF),1
Boeing 767-231(ER),4
Boeing 767-232,1
Boeing 767-232(BDSF),7
Boeing 767-233/ER,1
Boeing 767-238/ER,2
Boeing 767-241/ER(BDSF),1
Boeing 767-258/ER,1
Boeing 767-259/ER,3
Boeing 767-25E(BDSF),5
Boeing 767-27G/ER,2
Boeing 767-281(BDSF),3
Boeing 767-283/ER,1
Boeing 767-2B7/ER,4
Boeing 767-2DX/ER,2
Boeing 767-300/ER(BDSF),2
Boeing 767-300F,21
Boeing 767-304/ER,2
Boeing 767-304/ER(BCF),2
Boeing 767-304/ER(BDSF),1
Boeing 767-306/ER,5
Boeing 767-306/ER(BDSF),4
Boeing 767-316(ER)(BDSF),5
Boeing 767-316/ER,7
Boeing 767-316/ER(BCF),21
Boeing 767-316F/ER,14
Boeing 767-319(ER)(BCF),1
Boeing 767-319/ER,8
Boeing 767-319/ER(BDSF),1
Boeing 767-31A/ER,1
Boeing 767-31B/ER,2
Boeing 767-31B/ER(BCF),2
Boeing 767-31K/ER,1
Boeing 767-322/ER,16
Boeing 767-323(BDSF),1
Boeing 767-323/ER,16
Boeing 767-323/ER(BDSF),17
Boeing 767-324/ER(BCF),4
Boeing 767-328/ER(BDSF),3
Boeing 767-32L/ER,1
Boeing 767-330(ER)(BDSF),3
Boeing 767-330/ER,1
Boeing 767-332,4
Boeing 767-332/ER,31
Boeing 767-333/ER,1
Boeing 767-333/ER(BCF),4
Boeing 767-333/ER(BDSF),2
Boeing 767-336/ER,6
Boeing 767-338/ER,4
Boeing 767-338/ER(BCF),5
Boeing 767-338/ER(BDSF),8
Boeing 767-33A/ER,7
Boeing 767-33A/ER(BCF),3
Boeing 767-33A/ER(BDSF),5
Boeing 767-33AER(BCF),1
Boeing 767-33P/ER,2
Boeing 767-33P/ER(BCF),1
Boeing 767-341/ER,1
Boeing 767-341/ER(BDSF),3
Boeing 767-343/ER,1
Boeing 767-346,2
Boeing 767-346/ER,34
Boeing 767-346/ER(BCF),5
Boeing 767-346F/ER,3
Boeing 767-34AF/ER,25
Boeing 767-34G/ER,4
Boeing 767-34P/ER,5
Boeing 767-35D/ER,2
Boeing 767-35HER(BDSF),2
Boeing 767-360/ER(BDSF),1
Boeing 767-36D,1
Boeing 767-36D(ER)(BCF),1
Boeing 767-36D/ER(BCF),1
Boeing 767-36N/ER,2
Boeing 767-36N/ER(BCF),5
Boeing 767-36N/ER(BDSF),1
Boeing 767-375/ER,3
Boeing 767-375/ER(BDSF),2
Boeing 767-381,4
Boeing 767-381/ER,35
Boeing 767-381/ER(BCF),2
Boeing 767-381/ER(BDSF),2
Boeing 767-381F,6
Boeing 767-383/ER,1
Boeing 767-383/ER(BDSF),4
Boeing 767-38A/ER,2
Boeing 767-38E,1
Boeing 767-38E/ER,4
Boeing 767-38EER(BDSF),5
Boeing 767-38EF/ER,2
Boeing 767-39H/ER,1
Boeing 767-3BG/ER,1
Boeing 767-3BG/ER(BCF),5
Boeing 767-3CB/ER,2
Boeing 767-3G5/ER,3
Boeing 767-3JHF,5
Boeing 767-3JHF(ER),2
Boeing 767-3KY/ER,3
Boeing 767-3P6(ER)(BCF),1
Boeing 767-3P6(ER)(BDSF),4
Boeing 767-3P6/ER,5
Boeing 767-3Q8/ER,5
Boeing 767-3Q8/ER(BDSF),4
Boeing 767-3Q8ER(BCF),3
Boeing 767-3Q8ER(BCF)(WL),4
Boeing 767-3S2F/ER,18
Boeing 767-3W0/ER,2
Boeing 767-3Y0/ER,2
Boeing 767-3Z9/ER,4
Boeing 767-424/ER,15
Boeing 767-432/ER,39
Boeing 777-200,2
Boeing 777-200LR,2
Boeing 777-206/ER,12
Boeing 777-212/ER,17
Boeing 777-219/ER,7
Boeing 777-21B,1
Boeing 777-21H,1
Boeing 777-21H/ER,1
Boeing 777-21H/LR,10
Boeing 777-222,9
Boeing 777-222/ER,33
Boeing 777-223/ER,36
Boeing 777-224/ER,34
Boeing 777-228/ER,16
Boeing 777-22K/LR,1
Boeing 777-232/ER,2
Boeing 777-232/LR,3
Boeing 777-233/LR,5
Boeing 777-236,1
Boeing 777-236/ER,31
Boeing 777-237/LR,1
Boeing 777-240/ER,3
Boeing 777-243/ER,4
Boeing 777-246,3
Boeing 777-246/ER,7
Boeing 777-258/ER,4
Boeing 777-260/LR,3
Boeing 777-267,3
Boeing 777-268/ER,1
Boeing 777-281,6
Boeing 777-281/ER,34
Boeing 777-289,2
Boeing 777-28E/ER,12
Boeing 777-2AN/ER,1
Boeing 777-2B5/ER,9
Boeing 777-2D7,3
Boeing 777-2D7/ER,2
Boeing 777-2DZ/LR,2
Boeing 777-2FB/LR,1
Boeing 777-2J6,1
Boeing 777-2Q8/ER,12
Boeing 777-2U8/ER,2
Boeing 777-2Z9/ER,4
Boeing 777-300/ER,40
Boeing 777-306/ER,21
Boeing 777-309/ER,12
Boeing 777-312,2
Boeing 777-312/ER,21
Boeing 777-319/ER,13
Boeing 777-31B/ER,27
Boeing 777-31H,9
Boeing 777-31H/ER,44
Boeing 777-322/ER,5
Boeing 777-323/ER,32
Boeing 777-328/ER,14
Boeing 777-32W/ER,13
Boeing 777-333/ER,14
Boeing 777-336/ER,7
Boeing 777-337/ER,11
Boeing 777-340/ER,1
Boeing 777-346,2
Boeing 777-346/ER,14
Boeing 777-35E/ER,21
Boeing 777-35R/ER,3
Boeing 777-360/ER,1
Boeing 777-367,21
Boeing 777-367/ER,69
Boeing 777-368/ER,5
Boeing 777-369/ER,7
Boeing 777-36N/ER,39
Boeing 777-36N/ER(BDSF),1
Boeing 777-36N/ER(SF),16
Boeing 777-381,6
Boeing 777-381/ER,14
Boeing 777-39L/ER,14
Boeing 777-39M/ER,2
Boeing 777-39P/ER,19
Boeing 777-3AL/ER,17
Boeing 777-3B5,1
Boeing 777-3B5/ER,41
Boeing 777-3D7/ER,8
Boeing 777-3DE/ER,7
Boeing 777-3DZ/ER,46
Boeing 777-3F2/ER,14
Boeing 777-3F6/ER,4
Boeing 777-3FG/ER,5
Boeing 777-3FX/ER,10
Boeing 777-3M0/ER,6
Boeing 777-3MO/ER,1
Boeing 777-3SB/ER,1
Boeing 777-3U3(ER),1
Boeing 777-3U3/ER,4
Boeing 777-3U8/ER,2
Boeing 777-3ZG/ER,6
Boeing 777-9,8
Boeing 777-F,171
Boeing 777-F16,4
Boeing 777-F1B,10
Boeing 777-F1H,28
Boeing 777-F28,2
Boeing 777-F5E,5
Boeing 777-F60,5
Boeing 777-F6N,26
Boeing 777-FB5,13
Boeing 777-FBT,6
Boeing 777-FDZ,20
Boeing 777-FEZ,2
Boeing 777-FF2,1
Boeing 777-FFG,6
Boeing 777-FFT,14
Boeing 777-FFX,6
Boeing 777-FHT,2
Boeing 777-FS2,18
Boeing 777-FZB,1
Boeing 777-FZN,4
Boeing 787-10 Dreamliner,182
Boeing 787-8 BBJ Dreamliner,1
Boeing 787-8 Dreamliner,292
Boeing 787-9 Dreamliner,741
Boeing 80A-1,1
Boeing A-75N1,1
Boeing A75L300 Stearman,1
Boeing B-17F Flying Fortress (299P),1
Boeing B-17G Flying Fortress (299P),6
Boeing B-29 Superfortress,1
Boeing B75N1 Stearman,1
Boeing C-17A Globemaster III,2
Boeing C-97G Stratofreighter (367-76-66),2
Boeing CH-47D Chinook,3
Boeing E75 PT13D Stearman,1
Boeing E75 Stearman,1
Boeing F/A-18E Super Hornet,1
Boeing KC-135A Stratotanker (717-148),1
Boeing KC-135R Stratotanker (717-148),1
Boeing N2S-3 Kaydet (B75N1),2
Boeing PT-13D Kaydet (E75),2
Boeing PT-17 Kaydet (A75N1),2
Boeing VC-137C (707-353B),1
Boisavia B-601L Mercurey,1
Bolkow BO-207,1
Bolkow BO-208 Junior,1
Bolkow BO-208C Junior,2
Bolkow BO-209 Monsun 150FF,2
Bolkow BO-209 Monsun 160RV,2
Bombardier BD-700-1A10 Global 6500,22
Bombardier BD-700-1A10 Global Express XRS,3
Bombardier BD-700-2A12 Global 7500,17
Bombardier BD-700-2A12 Global 8000,1
Bombardier CC-144C Challenger (604/CL-600-2B16),1
Bombardier CC-144D Challenger (CL-650),1
Bombardier CL-415 (CL-215-6B11),2
Bombardier CL-415MP (CL-215-6B11),1
Bombardier CL600-2B16 601 Challenger,2
Bombardier CRJ-1000EL NG (CL-600-2E25),25
Bombardier CRJ-1000ER NG (CL-600-2E25),21
Bombardier CRJ-100ER (CL-600-2B19),9
Bombardier CRJ-100LR (CL-600-2B19),3
Bombardier CRJ-200ER (CL-600-2B19),29
Bombardier CRJ-200LR (CL-600-2B19),25
Bombardier CRJ-200PF (CL-600-2B19),1
Bombardier CRJ-550 (CL-600-2C10),1
Bombardier CRJ-700 (CL-600-2C10),1
Bombardier CRJ-701 (CL-600-2C10),1
Bombardier CRJ-701ER (CL-600-2C10),17
Bombardier CRJ-702 (CL-600-2C10),11
Bombardier CRJ-702ER NG (CL-600-2C10),12
Bombardier CRJ-705/900/Challenger 890,1
Bombardier CRJ-705ER (CL-600-2D15),9
Bombardier CRJ-900 (CL-600-2D24),23
Bombardier CRJ-900 NG (CL-600-2D24),23
Bombardier CRJ-900ER (CL-600-2D24),6
Bombardier CRJ-900ER NG (CL-600-2D24),3
Bombardier CRJ-900LR (CL-600-2D24),40
Bombardier CRJ-900LR NG (CL-600-2D24),6
Bombardier CSeries CS100 (BD-500-1A10),4
Bombardier CSeries CS300 (BD-500-1A11),34
Bombardier Challenger 300 (BD-100-1A10),42
Bombardier Challenger 350 (BD-100-1A10),53
Bombardier Challenger 3500 (BD-100-1A10),21
Bombardier Challenger 601 (CL-600-2A12),1
Bombardier Challenger 604 (CL-600-2B16),20
Bombardier Challenger 605 (CL-600-2B16),26
Bombardier Challenger 650 (CL-600-2B16),6
Bombardier Challenger 650 (CL-650),11
Bombardier Challenger 850 (CRJ-200SE/CL-600-2B19),12
Bombardier Challenger 870 (CRJ-700/CL-600-2C10),1
Bombardier DHC-8-102F,1
Bombardier DHC-8-103Q Dash 8,1
Bombardier DHC-8-202Q Dash 8,2
Bombardier DHC-8-311Q Dash 8,12
Bombardier DHC-8-314Q Dash 8,4
Bombardier DHC-8-315 Dash 8,1
Bombardier DHC-8-315Q Dash 8,6
Bombardier DHC-8-4... Q400,1
Bombardier DHC-8-402 Q400,120
Bombardier DHC-8-402 Q400-MR,2
Bombardier DHC-8-402Q Combi Q400CC,1
Bombardier E-11A (BD-700-1A10),2
Bombardier Global 5000 (BD-700-1A11),38
Bombardier Global 5500,6
Bombardier Global 6000 (BD-700-1A10),60
Bombardier Global 6500,4
Bombardier Global 7000 (BD-700-1A10),7
Bombardier Global 7000 (BD-700-2A12),2
Bombardier Global 7500 (BD-700-1A10),1
Bombardier Global 7500 (BD-700-2A12),20
Bombardier Global 8000 (BD-700-2A12),3
Bombardier Global Express (BD-700-1A10),32
Bombardier Global Express XRS (BD-700-1A10),9
Bombardier Learjet 40,1
Bombardier Learjet 45,7
Bombardier Learjet 45XR,3
Bombardier Learjet 60XR,1
Bombardier Learjet 75,3
Bombardier Learjet INC 45,3
Borey,2
Braendli BX-2 Cherry,1
Breda Ba-15,1
Breezer B 400,1
Breezer B400,2
Bristell  B23,1
Bristell B23,1
Bristell Classic,1
Bristell RG,1
Bristell XL8,2
Bristol 170 Freighter Mk31M,1
Bristol 175 Britannia 253F,1
Bristol 175 Britannia 307F,1
Bristol 175 Britannia 308F,1
Bristol 175 Britannia 312,1
Bristol 175 Britannia 312(F),1
Bristol 175 Britannia 312F,1
Bristol 175 Britannia C1 (253),1
British Aerospace ATP,4
British Aerospace Avro 146-RJ100,9
British Aerospace Avro 146-RJ85,7
British Aerospace Avro 146-RJ85A,1
British Aerospace BAC-111-525FT One-Eleven,1
British Aerospace BAe-125-1000B,2
British Aerospace BAe-125-800A,2
British Aerospace BAe-146-200,4
British Aerospace BAe-146-200A,2
British Aerospace BAe-146-200QC,1
British Aerospace BAe-146-300,2
British Aerospace BAe-146-300QT Quiet Trader,1
British Aerospace BAe-3101 Jetstream 31,1
British Aerospace BAe-3101 Jetstream 32,1
British Aerospace BAe-3201 Jetstream 32,1
British Aerospace BAe-3201 Jetstream 32EP,3
British Aerospace BAe-3201 Jetstream Super 31,1
British Aerospace BAe-3202 Jetstream Super 31,2
British Aerospace BAe-3212 Jetstream Super 31,4
British Aerospace BAe-748 Srs2B/378,1
British Aerospace HS-125-700B,1
British Aerospace Jetstream 31,1
British Aerospace Jetstream 41,6
Britten Norman BN-2A-26 Islander,1
Britten-Norman BN-2A Islander,1
Britten-Norman BN-2A Mk3-2 Trislander,3
Britten-Norman BN-2A-21 Islander,4
Britten-Norman BN-2A-26 Islander,4
Britten-Norman BN-2A-8 Islander,1
Britten-Norman BN-2A-9 Islander,1
Britten-Norman BN-2B-20 Islander,1
Britten-Norman BN-2B-26 Islander,4
Bucker Bu-133PA Jungmeister,1
Bushby Midget Mustang M-1,1
C-42,1
C-42E Cyclone,1
C42,2
C919-100,1
C919-100STD,4
CASA 1-131E Jungmann,4
CASA 1.131E Jungmann,1
CASA C-212-200 Aviocar,1
CASA C-212-400MPA,1
CASA-C-212-100,1
CASA/IPTN CN-235-300,2
CASA/IPTN CN-235M-200,1
CCF T-6 Harvard Mk4,10
CCF T-6J Harvard Mk4,2
CEA DR-1050 Sicile Record,1
CEA DR-1051M,1
CJ-6A Chujiao,1
CN-235-300,1
COMAC ARJ21-700,1
COMAC ARJ21-700 Xiangfeng,19
COMAC C909,14
COMAC C919,12
COMAC C919-100ER,14
COMAC C919-100STD,4
CRJ-550,2
CS2200,1
CTLS,6
CX300,1
CZ-12B,1
Campavia D8 Milan,1
Canadair CL-13B Sabre 6,1
Canadair CL-215-V (CL-215-1A10),1
Canadair CL-215T (CL-215-6B11),1
Canadair CL-415 (CL-215-6B11),1
Canadair CL-44D4-1,1
Canadair CL-600-2B16 Challenger 604,3
Canadair CRJ-100ER (CL-600-2B19),1
Canadair CRJ-100LR (CL-600-2B19),3
Canadair CRJ-200LR (CL-600-2B19),1
Canadair CT-133 Silver Star 3 (CL-30),2
Canadair Challenger 601 (CL-600-2A12),1
Canadair Challenger 601-3A (CL-600-2B16),2
Canadair Challenger 601-3R (CL-600-2B16),1
Canadair Challenger 604 (CL-600-2B16),2
Caproni Ca-100 Caproncino,1
Caproni Ca-3 (replica),1
Cessna  172,3
Cessna 140,2
Cessna 150,1
Cessna 150...,1
Cessna 150B,3
Cessna 150F,3
Cessna 150F Commuter,1
Cessna 150G,2
Cessna 150H,4
Cessna 150J,1
Cessna 150K,1
Cessna 150L,5
Cessna 150L Commuter,1
Cessna 150M,4
Cessna 152,16
Cessna 152 II,4
Cessna 162 Skycatcher,2
Cessna 170,1
Cessna 170A,2
Cessna 170B,3
Cessna 172,1
Cessna 172 N Skyhawk,5
Cessna 172 Skyhawk,5
Cessna 172 Skyhawk II,1
Cessna 172B Skyhawk,1
Cessna 172C,2
Cessna 172D Skyhawk,1
Cessna 172E Skyhawk,1
Cessna 172G Skyhawk,3
Cessna 172H Skyhawk,2
Cessna 172K Skyhawk II,1
Cessna 172L Skyhawk,3
Cessna 172M,4
Cessna 172M Skyhawk,9
Cessna 172M Skyhawk 1,3
Cessna 172M Skyhawk II,3
Cessna 172N,5
Cessna 172N Skyhawk 100,2
Cessna 172N Skyhawk 100 II,4
Cessna 172N Skyhawk 100 II/Air Plains 180HP,1
Cessna 172N Skyhawk II,2
Cessna 172P Skyhawk,8
Cessna 172P Skyhawk II,2
Cessna 172R Skyhawk,6
Cessna 172R Skyhawk II,1
Cessna 172RG Cutlass RG,2
Cessna 172S,2
Cessna 172S Skyhawk,2
Cessna 172S Skyhawk SP,43
Cessna 172SP Skyhawk,2
Cessna 177 Cardinal,2
Cessna 177B Cardinal,3
Cessna 177B Cardinal II,1
Cessna 177RG Cardinal,1
Cessna 180,1
Cessna 180 Skywagon,2
Cessna 180A Skywagon,1
Cessna 180D Skywagon,1
Cessna 180E Skywagon,1
Cessna 180H,1
Cessna 180H Skywagon,2
Cessna 180H Skywagon 180,1
Cessna 180J Skywagon,1
Cessna 180K Skywagon II,1
Cessna 182,1
Cessna 182 Skylane,2
Cessna 182A Skylane,1
Cessna 182B Skylane,1
Cessna 182C,1
Cessna 182D,1
Cessna 182D Skylane,1
Cessna 182F Skylane,1
Cessna 182G,1
Cessna 182G Skylane,2
Cessna 182H Skylane,1
Cessna 182J Skylane,1
Cessna 182K,1
Cessna 182K Skylane,2
Cessna 182L Skylane,1
Cessna 182N,2
Cessna 182P,3
Cessna 182P Skylane,9
Cessna 182P Skylane II,2
Cessna 182Q Skylane,9
Cessna 182Q Skylane II,4
Cessna 182R Skylane,1
Cessna 182R Skylane II,2
Cessna 182RG Skylane II,1
Cessna 182S Skylane,4
Cessna 182T,2
Cessna 182T Skylane,11
Cessna 182T Skylane II,1
Cessna 182T Turbo Skylane,1
Cessna 185 Skywagon,1
Cessna 185... Skywagon,1
Cessna 185E Skywagon,2
Cessna 195,3
Cessna 195B,1
Cessna 206 Stationair TC,1
Cessna 206G Stationair,1
Cessna 206H Stationair,2
Cessna 207 Skywagon 207,1
Cessna 208 Caravan,3
Cessna 208 Caravan Amphibian,1
Cessna 208 Caravan I,5
Cessna 208A Caravan 675,2
Cessna 208B Caravan I,2
Cessna 208B Grand Caravan,30
Cessna 208B Grand Caravan EX,32
Cessna 208B Grand Caravan EX Anphibian,1
Cessna 208B Super Cargomaster,7
Cessna 210D Centurion,1
Cessna 210N Centurion II,1
Cessna 305A Bird Dog,1
Cessna 310 Q,1
Cessna 310 R,1
Cessna 310D,1
Cessna 310G,1
Cessna 310P,1
Cessna 310R,2
Cessna 337A Super Skymaster,1
Cessna 337G Super Skymaster,1
Cessna 340A,2
Cessna 340A III,1
Cessna 400 Corvalis TT,1
Cessna 401A,1
Cessna 402B,3
Cessna 402C,4
Cessna 402C ...,1
Cessna 402C Businessliner,1
Cessna 402C III,1
Cessna 404 Titan,2
Cessna 404 Titan Ambassador II,1
Cessna 408 SkyCourier,4
Cessna 408F SkyCourier,2
Cessna 411A,1
Cessna 414,1
Cessna 414A Chancellor,5
Cessna 421B Golden Eagle,1
Cessna 421C,1
Cessna 421C ...,1
Cessna 421C Golden Eagle,3
Cessna 441 Conquest,2
Cessna 441 Conquest II,2
Cessna 500 Citation,1
Cessna 501 Citation I/SP,4
Cessna 510 Citation Mustang,16
Cessna 525 Citation CJ1,12
Cessna 525 Citation CJ1+,5
Cessna 525 Citation M2,14
Cessna 525 CitationJet,5
Cessna 525 CitationJet M2,5
Cessna 525A Citation CJ2,19
Cessna 525A Citation CJ2+,22
Cessna 525B Citation CJ3,25
Cessna 525B Citation CJ3+,11
Cessna 525C Citation CJ4,16
Cessna 525C Citation CJ4 Gen2,2
Cessna 526 citationjet M2,1
Cessna 550 Citation II,6
Cessna 550 Citation II Bravo,2
Cessna 550B Citation Bravo,8
Cessna 551 Citation II/SP,3
Cessna 560 Citation Encore,4
Cessna 560 Citation Encore+,1
Cessna 560 Citation Ultra,5
Cessna 560 Citation V,3
Cessna 560XL Citation Excel,16
Cessna 560XL Citation XLS,40
Cessna 560XL Citation XLS+,43
Cessna 650 Citation III,8
Cessna 650 Citation VII,2
Cessna 680 Citation Sovereign,18
Cessna 680 Citation Sovereign+,7
Cessna 680A Citation Latitude,54
Cessna 700 Citation Longitude,12
Cessna 750 Citation X,11
Cessna A.185F Skyvagon,1
Cessna A150L Aerobat,1
Cessna A152 Aerobat,1
Cessna A185E Skywagon,1
Cessna A185F Skywagon,5
Cessna A185F Skywagon 185,3
Cessna O-1 Bird Dog (305/321/L-19/OE),1
Cessna O-2A Super Skymaster (M337),3
Cessna P210 Silver Eagle,1
Cessna P210N Pressurized Centurion,1
Cessna P210N Pressurized Centurion II,1
Cessna P337H Pressurized Skymaster,1
Cessna R172K Hawk XP,6
Cessna R172K Hawk XP II,2
Cessna R182 Skylane RG,5
Cessna T-50 Bobcat,2
Cessna T182T Turbo Skylane,1
Cessna T182T Turbo Skylane TC,1
Cessna T206H Stationair,1
Cessna T206H Stationair HD,2
Cessna T206H Turbo Stationair,1
Cessna T206H Turbo Stationair II,1
Cessna T206H Turbo Stationair TC,1
Cessna T210L Turbo Centurion,1
Cessna T210M Centurion,1
Cessna T210M Turbo Centurion II,1
Cessna T210R Turbo Centurion II,1
Cessna T303 Crusader,3
Cessna TO-1D Bird Dog (305B/TL-19D),1
Cessna TR182 Turbo Skylane RG,1
Cessna TU206G Stationair 6,1
Cessna TU206G Turbo Stationair 6,1
Cessna U-3A Blue Canoe (310A/L-27A),1
Cessna U206,1
Cessna U206F Stationair,1
Cessna U206G,3
Cessna U206G Stationair,1
Cessna U206G Stationair 6,1
Challenger 650,3
Champion 7ECA Citabria,2
Champion 7FC Tri-Traveler,1
Chincul PA-A-28-140 Cherokee Cruiser,1
Chincul PA-A-28-181 Archer II,1
Christen Eagle II,2
Cierva (Avro) C-30A,1
Cierva C-19 Mk4P,1
Cirrus SF-50 Vision,2
Cirrus SF-50 Vision G2,5
Cirrus SF-50 Vision G2 Arrivee,1
Cirrus SF-50 Vision G2+,2
Cirrus SF-50 Vision G2+ Arrivee,9
Cirrus SR-20,3
Cirrus SR-20 G2,4
Cirrus SR-20 G3,2
Cirrus SR-20 G3 GTS,3
Cirrus SR-20 G6,2
Cirrus SR-20 GTS,2
Cirrus SR-20 SRV G2,1
Cirrus SR-20 TRAC,11
Cirrus SR-22,11
Cirrus SR-22 Australis,1
Cirrus SR-22 Carbon,2
Cirrus SR-22 G2,4
Cirrus SR-22 G3 GTS,2
Cirrus SR-22 G3-GTS,1
Cirrus SR-22 G3-GTSX,1
Cirrus SR-22 G5 Carbon,1
Cirrus SR-22 G5-GTS Carbon,1
Cirrus SR-22 G6 Turbo,1
Cirrus SR-22 G6-GTS,1
Cirrus SR-22 G6-GTS Carbon,4
Cirrus SR-22 G6-GTS Rhodium,1
Cirrus SR-22 G7 GTS,3
Cirrus SR-22 G7+,1
Cirrus SR-22 GTS,8
Cirrus SR-22 GTS Carbon,6
Cirrus SR-22 GTS-G7 Carbon,2
Cirrus SR-22 GTSX Turbo,1
Cirrus SR-22 SE Turbo,1
Cirrus SR-22 T,1
Cirrus SR-22 X,1
Cirrus SR-22-G2 GTS,1
Cirrus SR-22T,6
Cirrus SR-22T G3-GTSx,1
Cirrus SR-22T G5-GTS Platinum,1
Cirrus SR-22T G6-GTS Carbon,3
Cirrus SR-22T G6-GTS Platinum,1
Cirrus SR-22T G7-GTS,1
Cirrus SR-22T G7-GTS Arrivee,2
Cirrus SR-22T GTS,2
Cirrus SR-22T GTS Carbon,1
Cirrus SR20 - G6 Platinum,1
Cirrus SR22T-GTS G6 Rhodium,1
Cirrus SR22T-GTS G7 Carbon,1
Coavio DF2000 Top,1
Comco Ikarus C-42 Cyclone,1
Comco Ikarus C-42C,1
Comco Ikarus GMBH C42,42
Commonwealth CA-13 Boomerang,1
Commonwealth CA-16 Wirraway Mk3,2
Commonwealth CA-18 Mustang 22 (P-51D),1
Commonwealth CA-25 Winjeel,1
Concept,1
Consolidated 28-5AMC Canso A,1
Consolidated PBY-5A Canso A (28),1
Convair (Kelowna) 5800,2
Convair 240-1,1
Convair 440-40 Metropolitan,1
Convair 440-62 Metropolitan,6
Convair 440-75 Metropolitan,6
Convair 440-80 Metropolitan,1
Convair 580,5
Convair 580(F),1
Convair 640,1
Convair 990A (30A-5),5
Convair 990A Coronado (30A-6),2
Corby CJ-1 Starlet,1
Cruiser,1
Cub,1
Cub Crafters CC19-180 XCub,1
Cub Crafters CCX-2000 Carbon Cub FX-3,1
Cub Crafters CCX-2000 EX-3,1
Cub Crafters CCX-2300,2
Curtiss (Smith) Super 46C Commando (CW-20T),1
Curtiss C-46F Commando (CW-20B-4),1
Curtiss Kittyhawk Mk1A,1
Curtiss P-40B Warhawk,1
Curtiss P-40N Kittyhawk,1
Curtiss P-40N Warhawk,2
Curtiss Robin C-1,1
Curtiss-Wright Robin,1
Czech Aircraft Works SportCruiser,7
Czech Sport Aircraft PS-28 Cruiser,2
DHC-8-402 Q400-AT,1
Daher Kodiak 100 Series III,1
Daher TBM 700,1
Daher TBM 910,1
Daher TBM 940,2
Daher TBM 980,1
Dallach D4 Fascination,1
Dallach Sunwheel,1
Dassault Falcon (Mystere) 20-5,1
Dassault Falcon (Mystere) 20DC,3
Dassault Falcon 10,2
Dassault Falcon 100,1
Dassault Falcon 2000,8
Dassault Falcon 2000EX,28
Dassault Falcon 2000EX EASy,1
Dassault Falcon 2000LX,14
Dassault Falcon 2000LXS,9
Dassault Falcon 2000S,2
Dassault Falcon 50,4
Dassault Falcon 50EX,1
Dassault Falcon 6X,6
Dassault Falcon 7X,44
Dassault Falcon 8X,27
Dassault Falcon 900,5
Dassault Falcon 900 Mystere,2
Dassault Falcon 900B,6
Dassault Falcon 900C,2
Dassault Falcon 900DX,1
Dassault Falcon 900EX,24
Dassault Falcon 900EX EASy,1
Dassault Falcon 900LX,14
Dassault Mercure 100,1
Dassault Mirage F1CR,6
Dassault-Dornier Alpha Jet A,1
De Havilland (Australia) DH-82A Tiger Moth,1
De Havilland (Moth Aircraft) DH-60GM Gipsy Moth,1
De Havilland (New Zealand) DH-82A Tiger Moth II,1
De Havilland (Riley) DH-114 Turbo Skyliner,1
De Havilland Australia DHA-3 Drover Mk2,1
De Havilland Canada (Viking) DHC-6-400 Twin Otter,3
De Havilland Canada C-8A Buffalo/QSRA (DHC-5),1
De Havilland Canada DHC-1 Chipmunk 22,1
De Havilland Canada DHC-1 Chipmunk T Mk 10,1
De Havilland Canada DHC-1A-1 Chipmunk,1
De Havilland Canada DHC-2 Beaver Mk.I,1
De Havilland Canada DHC-2 Beaver Mk1,5
De Havilland Canada DHC-2 Turbine Beaver Mk3,2
De Havilland Canada DHC-3T Texas Turbine Super Otter,2
De Havilland Canada DHC-3T Vazar Turbine Otter,9
De Havilland Canada DHC-4A Caribou,1
De Havilland Canada DHC-6-100 Twin Otter,1
De Havilland Canada DHC-6-200 Twin Otter,5
De Havilland Canada DHC-6-300,1
De Havilland Canada DHC-6-300 Twin Otter,20
De Havilland Canada DHC-6-300 Twin Otter/VistaLiner,1
De Havilland Canada DHC-6-300G,1
De Havilland Canada DHC-6-400 Twin Otter,3
De Havilland Canada DHC-7-100 Dash 7,1
De Havilland Canada DHC-7-102 Dash 7,1
De Havilland Canada DHC-7-103 Dash 7,1
De Havilland Canada DHC-7-110 Dash 7,1
De Havilland Canada DHC-8-100 Dash 8,1
De Havilland Canada DHC-8-102 Dash 8,13
De Havilland Canada DHC-8-102A,1
De Havilland Canada DHC-8-103 Dash 8,4
De Havilland Canada DHC-8-106 Dash 8,1
De Havilland Canada DHC-8-200 Dash 8,1
De Havilland Canada DHC-8-201 Dash 8,4
De Havilland Canada DHC-8-202Q Dash 8,2
De Havilland Canada DHC-8-311 Dash 8,5
De Havilland Canada DHC-8-311Q Dash 8,1
De Havilland Canada DHC-8-315 Dash 8,1
De Havilland Canada DHC-8-402 Dash 8 Q400,1
De Havilland Canada DHC-8-402Q Dash 8,7
De Havilland DH-104 Dove 7A,1
De Havilland DH-104 Dove 8,1
De Havilland DH-106 Comet 2R,2
De Havilland DH-106 Comet 4B,2
De Havilland DH-106 Comet 4C,2
De Havilland DH-114 Heron 1B,1
De Havilland DH-114 Heron 2D,1
De Havilland DH-125-1,1
De Havilland DH-60G Gipsy Moth,1
De Havilland DH-80A Puss Moth,1
De Havilland DH-82A Tiger Moth,2
De Havilland DH-82A Tiger Moth (3/4-scale replica),1
De Havilland DH-82A Tiger Moth II,3
De Havilland DH-83C Fox Moth,1
De Havilland DHC-1 Chipmunk Mk20,1
De Havilland DHC-1 Chipmunk Mk22,7
De Havilland DHC-1 Chipmunk Mk22A,2
De Havilland DHC-1 Chipmunk T10,2
Delagnes Synairgie,1
Delta D-2,1
Denney Kitfox IV,1
Deuce,1
Diamond DA-20... Katana,1
Diamond DA-20A-1 Katana,7
Diamond DA-20C-1 Eclipse,1
Diamond DA-40,2
Diamond DA-40 Diamond Star,6
Diamond DA-40 Diamond Star (T-52),2
Diamond DA-40 NG Diamond Star,3
Diamond DA-40 XLS Diamond Star,1
Diamond DA-40 XLT Diamond Star,1
Diamond DA-40-180 Diamond Star,2
Diamond DA-40D Diamond Star TDI,3
Diamond DA-40NG Diamond Star,2
Diamond DA-42 M-NG Twin Star,1
Diamond DA-42 NG Turbo Twin Star,1
Diamond DA-42 NG Twin Star,10
Diamond DA-42 Twin Star,7
Diamond DA-42-L360 Twin Star,1
Diamond DA-42-VI Twin Star,1
Diamond DA-50C,2
Diamond DA-50RG,1
Diamond DA-62,12
Diamond DA-62MPP,1
Diamond DV-20A Katana,1
Diamond HK-36TC Super Dimona,1
Diamond HK-36TTC,1
Diamond HK-36TTC-115 Super Dimona,2
Direct Fly Alto NG,2
Do228 NXT,4
Doflug Bu-131B Jungmann,3
Dornier (Hindustan) 228-201,1
Dornier (Lockheed Martin) X-55A (328-300),1
Dornier (RUAG) 228NG,1
Dornier 228-201,1
Dornier 228-212,1
Dornier 328-100,3
Dornier 328-110,14
Dornier 328-120,2
Dornier 328-300 328JET Envoy 3,1
Dornier 328-310 328JET,6
Dornier Do-27A-4,2
Dornier Do-27A-5,1
Dornier Do-27B-1,3
Dornier Do-27B-5,6
Dornier Do-28D-2 Skyservant,1
Douglas (Basler) BT-67 Turbo-67 (DC-3),5
Douglas (Lisunov) Li-2T (DC-3),2
Douglas A-26C Invader,1
Douglas B-23 Dragon,1
Douglas C-41 (DC-3),1
Douglas C-47 Skytrain (DC-3),2
Douglas C-47A Skytrain,2
Douglas C-47A Skytrain (DC-3),8
Douglas C-47B (DC-3),1
Douglas C-47B Dakota 4 (DC-3),4
Douglas C-47B Dakota Mk4 (DC-3),1
Douglas C-47B Skytrain,1
Douglas C-47B Skytrain (DC-3),7
Douglas C-47D Skytrain (DC-3),2
Douglas C-53 Skytrooper (DC-3),2
Douglas C-53D Skytrooper (DC-3),1
Douglas C-54A Skymaster (DC-4),2
Douglas C-54Q Skymaster (DC-4),1
Douglas C-54S Skymaster (DC-4),1
Douglas DC-3(A),1
Douglas DC-3(C),1
Douglas DC-3-277D,1
Douglas DC-3-G202A,1
Douglas DC-4-1009,3
Douglas DC-6A(C),1
Douglas DC-6B,1
Douglas DC-7B,1
Douglas DC-8-21,3
Douglas DC-8-31,1
Douglas DC-8-32,1
Douglas DC-8-32(F),1
Douglas DC-8-33,2
Douglas DC-8-43,1
Douglas DC-8-52,1
Douglas DC-8-53,1
Douglas DC-8-54(F),2
Douglas DC-8-54CF Jet Trader,1
Douglas DC-8-55,1
Douglas DC-8-55(F),5
Douglas DC-8-55CF Jet Trader,1
Douglas DC-8-61(F),1
Douglas DC-8-61CF,1
Douglas DC-8-71(F),1
Douglas DC-9-14,3
Douglas DC-9-15,1
Douglas DC-9-15RC,1
Douglas DC-9-32,1
Douglas SBD-5 Dauntless,1
Dova DV-1 Skylark,2
Druine (Rollason) D-31 Turbulent,1
Druine D-31 Turbulent,1
DynAero MCR Pick Up,1
DynAero MCR-01 Banbi,2
DynAero MCR-01 Club,5
Dynali H-3 Easyflyer,1
Dynali H3 EasyFlyer Sport,1
E1000 GX,1
E75 Stearman,1
EADS Socata TBM700C,2
EC-145T2,4
EC130 T2,1
EC225LP,1
EHI EH-101 Mk510,1
ELA Aviacion ELA-10 Eclipse,1
ELA Aviación 10 Eclipse,6
ELA-07-R-100,1
EOS 15,1
EPIC E1000,3
ERJ-190,4
ERJ-190-400 STD,4
ERJ-190AR,1
ERJ-190LR,1
EV-97,7
Eagle II,1
Eclipse 500,1
Eclipse EA500,3
Ekolot JK-05 Junior,1
Ekolot KR-030 Topaz,3
Elisport CH77 Ranabot,2
Ellison-Mahon Gweduck,1
Embraer 170LR (ERJ-170-100LR),16
Embraer 170SE (ERJ-170-100SE),3
Embraer 170STD (ERJ-170-100STD),31
Embraer 170SU (ERJ-170-100SU),6
Embraer 175LL (ERJ-170-200LL),25
Embraer 175LR (ERJ-170-200LR),133
Embraer 175LT (ERJ-170-200LR),1
Embraer 175STD (ERJ-170-200STD),35
Embraer 175SU (ERJ-170-200SU),3
Embraer 190 E2 STD (ERJ-190-300STD),30
Embraer 190AR (ERJ-190-100IGW),38
Embraer 190AR (F) (ERJ-190-100IGW),4
Embraer 190LR (ERJ-190-100LR),74
Embraer 190SR (ERJ-190-100SR),24
Embraer 190STD (ERJ-190-100STD),56
Embraer 195 E2 STD (ERJ-190-400 STD),2
Embraer 195 E2 STD (ERJ-190-400STD),76
Embraer 195AR (ERJ-190-200IGW),19
Embraer 195LR (ERJ-190-200LR),76
Embraer EMB-110C Bandeirante,1
Embraer EMB-110P1 Bandeirante,3
Embraer EMB-110P1A Bandeirante,1
Embraer EMB-110P2 Bandeirante,1
Embraer EMB-120 Brasilia,2
Embraer EMB-120(ERF) Brasilia,2
Embraer EMB-120ER Brasilia,2
Embraer EMB-120RT Brasilia,3
Embraer EMB-121A1 Xingu II,2
Embraer EMB-135BJ Legacy 600,6
Embraer EMB-135BJ Legacy 650,15
Embraer EMB-135BJ Legacy 650E,4
Embraer EMB-500 Phenom 100,11
Embraer EMB-500 Phenom 100E,1
Embraer EMB-500 Phenom 100EV,2
Embraer EMB-500 Phenom 100EX,1
Embraer EMB-500/505 Phenom,1
Embraer EMB-505 Phenom,4
Embraer EMB-505 Phenom 300,54
Embraer EMB-505 Phenom 300E,37
Embraer EMB-545 Legacy 450,2
Embraer EMB-545 Praetor 500,2
Embraer EMB-545/550 Praetor 500,9
Embraer EMB-550 Legacy 500,10
Embraer EMB-550 Praetor 600,29
Embraer EMB-721C Sertanejo,1
Embraer EMB-810 Seneca II,1
Embraer EMB-810D Seneca III,1
Embraer EMB-Praetor 500,2
Embraer ERJ-135BJ Legacy 600,1
Embraer ERJ-135ER (EMB-135ER),5
Embraer ERJ-135LR (EMB-135LR),14
Embraer ERJ-140LR (EMB-135KL),4
Embraer ERJ-145EP (EMB-145EP),8
Embraer ERJ-145EU (EMB-145EU),12
Embraer ERJ-145LR (EMB-145ER),2
Embraer ERJ-145LR (EMB-145LR),22
Embraer ERJ-145LU (EMB-145LU),4
Embraer ERJ-145MP (EMB-145MP),5
Embraer ERJ-145XR (EMB-145XR),6
Embraer ERJ-175,3
Embraer ERJ-190-100STD,4
Embraer ERJ-190AR(F),1
Embraer KC-390 (EMB-390),1
Embraer Legacy 600 (EMB-135BJ),17
Embraer Legacy 650 (EMB-135BJ),6
Embraer Lineage 1000 (ERJ-190-100ECJ),9
Embraer Lineage 1000E (ERJ-190-100ECJ),5
Embraer Praetor 600,3
Embrarer 170-200LR,8
Enbraer 195 E2 STD (ERJ-190-400 STD),1
English Electric Canberra TT18,1
English Electric Wren,1
Enstrom 480B,2
Envirocopter EV4 (Robinson R44),1
Erco 415 Ercoupe C,1
Erco 415 Ercoupe CD,1
Erco 415C Ercoupe,2
Erla 5A,1
Etrich Taube (replica),1
Eurocopter AS 350B2 Ecureuil,6
Eurocopter AS-332L1 Super Puma,4
Eurocopter AS-350B-2 Ecureuil,7
Eurocopter AS-350B-3 Ecureuil,4
Eurocopter AS-350B3 Ecureuil,2
Eurocopter AS-355N Ecureuil 2,7
Eurocopter AS-355N TwinStar,2
Eurocopter AS-365N-3 Dauphin 2,5
Eurocopter AS350B3 Ecureuil,6
Eurocopter EC-120B Colibri,6
Eurocopter EC-130B-4,5
Eurocopter EC-130B-4 (AS-350B-4),1
Eurocopter EC-130T-2,1
Eurocopter EC-135P-2,7
Eurocopter EC-135P-2+,4
Eurocopter EC-135P-3,1
Eurocopter EC-135P2+,3
Eurocopter EC-135T-1,3
Eurocopter EC-135T-2,4
Eurocopter EC-135T-2+,8
Eurocopter EC-155B,2
Eurocopter EC-155B-1,3
Eurocopter EC-225LP Super Puma II+,3
Eurocopter EC-225LP Super Puma Mk2+,5
Eurocopter EC130 T2,1
Eurocopter-Kawasaki BK-117C-1,2
Eurocopter-Kawasaki BK-117C-2 (EC-145),6
Eurocopter-Kawasaki EC-145 (BK-117C-2),6
Eurofly FB5 Star Light,1
Eurofly Flash,1
Eurofly Flash Comfort,1
European Airwings Spring Bok,1
Evektor EV-97 SL,2
Evektor Eurostar EV97,1
Evektor-Aerotechnik EV-97 Eurostar,4
Express-A (mock-up),1
Extra  300,1
Extra 300L,1
Extra 300SX,1
Extra 330SC,3
Extra EA-200,1
Extra EA-260,1
Extra EA-300/S,1
Extra EA-300L,6
Extra EA-300S,1
Extra EA-300SC,1
Extra EA-330LX,2
Extra EA-330SC,6
Extra EA-400,1
Extra NG,1
F27-400 Friendship,1
F6N,1
FBA-2C1 Bush Hawk XP,1
FFA AS-202/18A Bravo,1
FK Lightplanes FK9 Mark VI,2
FLS Aerospace Sprint 160,1
Fairchild C-119F Flying Boxcar,1
Fairchild C-123K Provider,1
Fairchild Dornier 328-310 328JET,4
Fairchild F-27F,1
Fairchild F-27J,1
Fairchild M-62A Cornell,1
Fairchild SA-227AC Metro III,9
Fairchild SA-227AT Merlin IVC,1
Fairchild SA-227BC Metro III,2
Fairchild SA-227DC Metro 23,4
Fairchild SA-227TT Fairchild 300,1
Fairchild Swearingen SA-227AC Metro III,2
Fairey Swordfish Mk1,1
Fairey Tipsy T.66 Nipper III,1
Fiat G-46,2
Fieseler Fi-156C-7 Storch,2
Fleet 7B,1
Fletcher (NZ Aerospace) FU-24/A4,1
Flight Concepts Skyfox,1
Flight Design CT,1
Flight Design CT Supralight,2
Flight Design CT-LS,1
Flight Design CT-SL,1
Flight Design CT-SW,3
Flight Design CT2K,1
Flight Design CTLS,2
Flight Design CTSW,5
Flight Design F2,2
Fly Syntesis Texan Turbo RG,1
Fly Synthesis Storch,1
Fly Synthesis Texan,1
Fly Synthesis Texan Evo,1
Flywhale Adventure iS Sport,1
Focke-Wulf FWP-149D,2
Fokker 100 (F-28-0100),30
Fokker 50,12
Fokker 70 (F-28-0070),3
Fokker Dr-1 (replica),3
Fokker F-27-100 Friendship,2
Fokker F-27-200 Friendship,3
Fokker F-27-500 Friendship,6
Fokker F-27-500CRF Friendship,1
Fokker F-27-600 Friendship,2
Fokker F-28-1000 Fellowship,5
Fokker F-28-1000C Fellowship,1
Fokker F-28-4000 Fellowship,1
Fouga CM-170 Magister,1
Fouga CM-170R Magister,2
Fournier (Sportavia-Putzer) RF-5B Sperber,1
Fournier RF-5B Sperber,1
Fuji FA-200-180 Aero Subaru,3
Fuji LM-1 Nikko,1
G-700,2
G-91R/1A,2
G-VIII,2
G1 Aviation G1 Spyl,1
GAF N-22S Nomad,1
GEO-IK (mock-up),1
Gamebird GB1,2
Gates Learjet 24D,1
Gates Learjet 25B,3
Gates Learjet 25C,1
Gates Learjet 35,1
Gates Learjet 35A,13
Gates Learjet 36A,1
Gates Learjet 55,1
General Dynamics F-16CM Fighting Falcon (401),1
Genevation GenPro,1
Gerle 12,1
Giles G-202,1
Gippsland GA-8 Airvan,1
Gippsland GA-8-TC320 Airvan,1
Glasair GS-2 Sportman 2+2,3
Glasair Super II FT,1
Glaser-Dirks DG-1000S,1
Glaser-Dirks DG-300,2
Glaser-Dirks DG-400,1
Global 5000,4
Global 7500,2
Globe GC-1A Swift,1
Glufstream G550,1
Goodyear GA-22A Drake,1
Great Lakes 2T-1A-1 Sport Trainer,1
Great Lakes 2T-1A-2 Sport Trainer,3
Grob G-102 Astir CS,1
Grob G-103 Twin Astir,1
Grob G-103A Twin II,1
Grob G-109B,5
Grob G-115B,1
Grob G-120TP,2
Grumman (Conair) CS2F Firecat,1
Grumman (General Motors) FM-2 Wildcat,1
Grumman (General Motors) TBM-3 Avenger,1
Grumman (General Motors) TBM-3E Avenger,1
Grumman (General Motors) TBM-3R Avenger,1
Grumman American AA-1B,1
Grumman American AA-5 Traveller,1
Grumman American AA-5B Tiger,5
Grumman F6F-5 Hellcat (G-50),1
Grumman F7F-3 Tigercat (G-51),1
Grumman G-1159 Gulfstream II,1
Grumman G-159 Gulfstream I,2
Grumman G-164C Ag-Cat C,1
Grumman G-44 Widgeon,1
Grumman G-44A Widgeon,1
Grumman G-73T Turbo Mallard,2
Grumman HU-16B Albatross,2
Grumman OV-1D Mohawk (G-134),1
Grumman S-2G Tracker (G-121),1
Grumman S2F-1 Tracker (G-89),4
Grumman SA-16B Albatross,1
Guimbal Cabri G2,8
Gulfstream Aerospace C-20F Gulfstream IV (G-IV),1
Gulfstream Aerospace C-37A Gulfstream V (G-V),2
Gulfstream Aerospace C-37D Gulfstream G700 (G-VIII),1
Gulfstream Aerospace G-1159A Gulfstream III,2
Gulfstream Aerospace G-IV,1
Gulfstream Aerospace G-IV Gulfstream G300,6
Gulfstream Aerospace G-IV Gulfstream G450,12
Gulfstream Aerospace G-IV Gulfstream IV,12
Gulfstream Aerospace G-IV Gulfstream IV-SP,18
Gulfstream Aerospace G-IV-X Gulfstream G450,28
Gulfstream Aerospace G-V Gulfstream V,15
Gulfstream Aerospace G-V-SP Gulfstream G500,1
Gulfstream Aerospace G-V-SP Gulfstream G550,36
Gulfstream Aerospace G-V-SP Gulfstream G550 (C-37B),10
Gulfstream Aerospace G-VIII G800,8
Gulfstream Aerospace G100,4
Gulfstream Aerospace G150,2
Gulfstream Aerospace G200,14
Gulfstream Aerospace G280,24
Gulfstream Aerospace G400,2
Gulfstream Aerospace G500,1
Gulfstream Aerospace G650 (G-VI),31
Gulfstream Aerospace G650ER (G-VI),57
Gulfstream Aerospace G700,4
Gulfstream Aerospace GVII-G500,11
Gulfstream Aerospace GVII-G600,27
Gulfstream Aerospace V,5
Gulfstream Aerospace VC-650A,1
Gulfstream American G-1159 Gulfstream II,3
Gulfstream American G-1159A Gulfstream III,5
Gulfstream American G-1159B Gulfstream II-B,1
Gulfstream G150,1
Gulfstream G200,5
Gulfstream G500,2
Gulfstream G550,38
Gulfstream G700,12
Gulstream Aerospace G-500,1
Gyroflug SC-01B-160 Speed Canard,2
H125,1
H145 D3,1
H160,1
H175,2
HB-Aircraft Industries HB 23/2400-SP,1
HOAC DV-20 Katana,3
HOAC DV-20-100 Katana,3
HOAC HK-36R Super Dimona,1
Handley Page HPR-7 Herald 209,1
Handley Page HPR-7 Herald 211,1
Harbin Z-9A Haitun,1
Harmon Rocket II,1
Hawker 800,1
Hawker Beechcraft 250 King Air,1
Hawker Beechcraft 350 King Air (B300),1
Hawker Beechcraft 350C King Air (B300C),1
Hawker Beechcraft 350ER King Air (B300),1
Hawker Beechcraft 350i King Air (B300),1
Hawker Beechcraft 390 Premier IA,1
Hawker Beechcraft 4000,2
Hawker Beechcraft 400A,1
Hawker Beechcraft 400XP,8
Hawker Beechcraft 750,2
Hawker Beechcraft 800XP,1
Hawker Beechcraft 800XP2,1
Hawker Beechcraft 850XP,2
Hawker Beechcraft 900XP,1
Hawker Beechcraft AT-6B Texan II,2
Hawker Beechcraft B200 King Air,1
Hawker Beechcraft B200GT King Air,2
Hawker Beechcraft B200GT/WL King Air,1
Hawker Beechcraft C90GTi King Air,3
Hawker Beechcraft C90GTx King Air,1
Hawker Beechraft 900XP,6
Hawker Hunter T68,1
Hawker Hurricane Mk1,1
Hawker Hurricane Mk2C,1
Hawker Hurricane Mk4,1
Hawker Sea Fury FB11,2
Hawker Sea Fury T20,1
Hawker Siddeley HS-121 Trident 1C,1
Hawker Siddeley HS-121 Trident 2E,4
Hawker Siddeley HS-121 Trident 3B,2
Hawker Siddeley HS-125-3B,2
Hawker Siddeley HS-748 Srs2/244,1
Hawker Siddeley HS-748 Srs2A/108,1
Hawker Siddeley HS-748 Srs2A/263,1
Hawker Siddeley HS-748 Srs2A/264,1
Hawker Siddeley Hawk T1 (HS-1182),1
Helibras AS-350B-2 Esquilo,1
Helicopters H125,1
Helisport CH-77 Ranabot,1
Hiller UH-12E4,1
Hindustan SA-316B Chetak,1
Hirth Bu-133D-1 Jungmeister,1
Hispano HA-1112/Bf-109G-4,1
Hoffman H-36 Dimona,1
Hoffmann H-36 Dimona,2
Honda HA-420 HondaJet,6
Honda HA-420 HondaJet Elite,4
Honda HA-420 HondaJet Elite II,2
Honda HA-420 Hondajet Elite S,2
Hongdu K-8 Karakorum,1
Hoplite,2
Howard DGA-15P,1
Hughes 300C (269C),1
Hughes 369D,2
Hughes OH-6A Cayuse (369A),2
Humbert Aviation Tetras 912 CS,1
IAR IAR-823,2
ICP MXP-740 Savannah,1
ICP MXP-740 Savannah S,3
ICP MXP-740 Savannah VG,1
Ibis Aircraft Magic GS-700,1
Ikarus C 42B,1
Ikarus C-22 Fox,1
Ikarus C-42,2
Ikarus C-42C,1
Ikarus C42 FB100,1
Ilyushin Il-14P,1
Ilyushin Il-18D,1
Ilyushin Il-18DTs Tsyklon,1
Ilyushin Il-18Gr,4
Ilyushin Il-18GrM,1
Ilyushin Il-18V,5
Ilyushin Il-62,4
Ilyushin Il-62M,10
Ilyushin Il-62MGr,1
Ilyushin Il-76MD,3
Ilyushin Il-76MDK,1
Ilyushin Il-76TD,24
Ilyushin Il-76TD-90,1
Ilyushin Il-76TD-90SW,3
Ilyushin Il-76TD-90VD,2
Ilyushin Il-78M,1
Ilyushin Il-86,6
Ilyushin Il-96-300,6
Ilyushin Il-96-300PU,4
Ilyushin Il-96-400T,1
InnovAviation FX1,1
Inpaer Conquest 180,1
Israel Aircraft Industries C-38A Astra SPX (IAI-1125A),1
Israel Aircraft Industries IAI-1124 Westwind,1
Israel Aircraft Industries IAI-1125 Astra,2
Israel Aircraft Industries IAI-1126 Galaxy,3
Israel Aircraft Industries IAI-1126 Galaxy/ Gulfstream G200,2
Issoire APM-30 Lion,1
J-160C,1
J-6I,1
J-8B,1
JMB Aircraft VL-3 Evolution 916 is,1
JMB Aircraft VL3 Evolution,3
JS32,1
Jabiru J430,3
Jabiru SK,1
Jabiru SP,1
Jabiru SP-470,1
Jihlavan KP-5 Skyleader 510,1
Jihlavan Skyleader 200,2
Jihlavan Skyleader 400,1
Jodel D-112,1
Jodel D-185,1
Jodel D-9 Bebe,1
Jodel DR 250-160,1
Junkers (CASA) 352L (Ju-52),1
Junkers A-50 Junior (replica),5
Junkers Ju-52/3mg4e,1
Junqua RJ-03 Ibis,1
KO-10 Sea Witch,1
KP-2U Skyleader 200,1
KZ III U-2,1
Kaman K-1200 K-Max,2
Kamov Ka-226T,1
Kamov Ka-26,6
Kamov Ka-26 Hoodlum,1
Kamov Ka-32A11BC,12
Kamov Ka-32T,5
Kamov Ka-62,1
Kawasaki C-1/QSTOL Asuka,1
King Air 360,1
Kitfox S7 Super Sport,1
Kitplanes For Africa Safari,1
Kitplanes for Africa Bushbaby,2
Kitplanes for Africa Bushbaby Explorer,1
Kitplanes for Africa Safari LSA,1
Kodiak 100,2
Kohl Mythos,1
Korea Aerospace Industries KUHC-1,1
Korea Aerospace KUH-1FS,1
Korea Aerospace KUH-1P Chamsuri,1
Korea Aerospace T-50B Golden Eagle,1
Krepps KP51,1
Kubicek Balloons BB-26,1
Kubicek Baloons BB26D,1
L-65 Seabear,3
LIM-5,1
LM-2F,2
LSA,2
LT,1
Lake La-4-200,1
Lamanna Helicopter Escape,1
Lancair LC-40-550FG Columbia 300,1
Lancair Lancair 320,1
Lancair Lancair 360,2
Lancair Lancair 360 MkII,1
Lancair Legacy 2000,2
Lear Jet 23,2
Learjet 24D,1
Learjet 31,1
Learjet 31A,3
Learjet 35A,2
Learjet 35A/ZR,1
Learjet 36A,1
Learjet 40,3
Learjet 40XR,1
Learjet 45,15
Learjet 45XR,1
Learjet 55,1
Learjet 60,10
Learjet 60XR,1
Learjet 70,1
Learjet 75,6
Leonardo AW-139,1
Leonardo AW-169,1
Leonardo AW109S Trekker,1
Leonardo AW109SP,2
Leonardo AW139,2
Leonardo AW189,1
Let L-410... Turbolet,1
Let L-410NG Turbolet,1
Let L-410UVP-E Turbolet,1
Let L-410UVP-E10 Turbolet,1
Let L-410UVP-E17 Turbolet,1
Let L-410UVP-E20 Turbolet,1
Let L-410UVP-E8D Turbolet,1
Lockheed (Aeritalia) F-104S ASA-M Starfighter,1
Lockheed (Aermacchi) AL-60B-2 Santa Maria (L-402),1
Lockheed (Vega) PV-2(AT) Harpoon (L-15),1
Lockheed 12-A Electra Junior,4
Lockheed C-121A Constellation (L-749),1
Lockheed C-130A Hercules (L-182),4
Lockheed C-130H-30 Hercules (L-382),1
Lockheed C-130K Hercules C1K (L-382),1
Lockheed C-140A JetStar (L-1329),2
Lockheed F-104N Starfighter,1
Lockheed F-16A Fighting Falcon,2
Lockheed F-5G Lightning,1
Lockheed KC-130H Hercules (L-382),1
Lockheed L-049 Constellation,2
Lockheed L-100-20 Hercules (L-382E),3
Lockheed L-100-30 Hercules (L-382G),23
Lockheed L-1011-385-1 TriStar 1,12
Lockheed L-1011-385-1 TriStar 50,4
Lockheed L-1011-385-1-15 TriStar 1,1
Lockheed L-1011-385-1-15 TriStar 100,2
Lockheed L-1011-385-1-15 TriStar 200,1
Lockheed L-1011-385-1-15 TriStar 200(F),1
Lockheed L-1011-385-1-15 TriStar 250,1
Lockheed L-1011-385-3 TriStar 500,11
Lockheed L-1049F Super Constellation,1
Lockheed L-1049G Super Constellation,1
Lockheed L-1329 JetStar II,1
Lockheed L-1649A Starliner,1
Lockheed L-188A Electra,1
Lockheed L-188A(F) Electra,6
Lockheed L-188C Electra,1
Lockheed L-188C(AT) Electra,3
Lockheed L-188C(F) Electra,6
Lockheed L-749A Constellation,1
Lockheed Martin F-35A Lightning II,1
Lockheed Martin LM-100J Hercules (L-382),3
Lockheed P-2H(AT) Neptune,1
Lockheed P-3 AEW&C,1
Lockheed P-38 Lightning (replica),1
Lockheed VC-140B JetStar (L-1329),1
Long March 3B (CZ-3B),1
Long Ranger III,3
Luftschiff WDL-1,2
Luscombe 8,1
Luscombe 8A Silvaire,1
Luscombe 8E Silvaire Deluxe,1
Luscombe 8F Silvaire,2
Luscombe Silvaire 8A,1
Léger Pataplume 2,1
M.B. Avio C 26,1
M24 Orion,1
M700 Fury,4
MAI-223 Kityonok,1
MBB (CASA) BO-105CB,2
MBB (Canada) BO-105LS-A3,1
MBB BO-105CB-4,2
MBB BO-105CBS,1
MBB BO-105CBS-2,1
MBB BO-105LS-A3,1
MBB BO-105S,1
MBB-Kawasaki BK-117 850D-2,1
MD Helicopters MD-500N,1
MD Helicopters MD-530F (369FF),1
MD Helicopters MD-900 Explorer,3
MD Helicopters MD-902 Explorer,3
MH-169A,1
MK VIII,2
MK-67,1
MS-733 Alcyon,1
MTOsport,1
Machaira,1
Magni Gyro M-16 Expert,1
Magni Gyro M-22 Voyager,1
Magni Gyro M-24 Orion,1
Magni Gyro M24 Orion,1
Magni Gyro M24C Orion,1
Magni Gyro M24C Orion Plus,1
Magni Gyro Magni M16C,1
Magni M24 Orion,3
Magni P.M 3/4 Vale,1
Martin JRM-3 Mars,4
Martin/General Dynamics WB-57F,1
Maule M-5-235C Lunar Rocket,1
Maule M-7-235 Super Rocket,1
Maule MX-7-180B,1
Max Holste MH-1521M Broussard,1
McDonnell Douglas (Boeing) MD-10-10F,2
McDonnell Douglas (Boeing) MD-10-30F,3
McDonnell Douglas A-4N Skyhawk II,1
McDonnell Douglas DC-10-10,11
McDonnell Douglas DC-10-10CF,1
McDonnell Douglas DC-10-15,4
McDonnell Douglas DC-10-30,17
McDonnell Douglas DC-10-30(F),5
McDonnell Douglas DC-10-30CF,4
McDonnell Douglas DC-10-30F,1
McDonnell Douglas DC-10-40(F),2
McDonnell Douglas DC-10-40D,1
McDonnell Douglas DC-10-40I,3
McDonnell Douglas DC-8-54AF Jet Trader,1
McDonnell Douglas DC-8-61,2
McDonnell Douglas DC-8-61(F),3
McDonnell Douglas DC-8-61CF,1
McDonnell Douglas DC-8-62,3
McDonnell Douglas DC-8-62(F),1
McDonnell Douglas DC-8-62H,2
McDonnell Douglas DC-8-62H(F),4
McDonnell Douglas DC-8-62H/CF,1
McDonnell Douglas DC-8-63,3
McDonnell Douglas DC-8-63(F),2
McDonnell Douglas DC-8-63CF,5
McDonnell Douglas DC-8-63PF,3
McDonnell Douglas DC-8-71,2
McDonnell Douglas DC-8-71(F),3
McDonnell Douglas DC-8-72CF,2
McDonnell Douglas DC-8-73(F),9
McDonnell Douglas DC-8-73CF,1
McDonnell Douglas DC-9-15,1
McDonnell Douglas DC-9-15(F),3
McDonnell Douglas DC-9-21,1
McDonnell Douglas DC-9-31,2
McDonnell Douglas DC-9-32,25
McDonnell Douglas DC-9-33F,2
McDonnell Douglas DC-9-34CF,1
McDonnell Douglas DC-9-41,4
McDonnell Douglas DC-9-51,3
McDonnell Douglas F-15D Eagle,1
McDonnell Douglas F/A-18A Hornet,1
McDonnell Douglas KDC-10-40,1
McDonnell Douglas MD-11,18
McDonnell Douglas MD-11(F),25
McDonnell Douglas MD-11/ER,1
McDonnell Douglas MD-11C,1
McDonnell Douglas MD-11F,17
McDonnell Douglas MD-500E (369E),3
McDonnell Douglas MD-500N,1
McDonnell Douglas MD-600N,1
McDonnell Douglas MD-80 (DC-9-80),1
McDonnell Douglas MD-81 (DC-9-81),8
McDonnell Douglas MD-82 (DC-9-82),44
McDonnell Douglas MD-83 (DC-9-83),40
McDonnell Douglas MD-83 (DC-9-83)SF,1
McDonnell Douglas MD-87 (DC-9-87),15
McDonnell Douglas MD-88,20
McDonnell Douglas MD-88(SF),1
McDonnell Douglas MD-90-30,11
McDonnell Douglas MD-902 Explorer,1
McDonnell F-4C Phantom II,1
Messerschmitt Bf-109 (replica),1
Messerschmitt Bf-109E-4,1
Messerschmitt Me-262A-1C Schwalbe Replica,1
Messerschmitt Me-262A/B-1C Schwalbe Replica,1
Metro III,1
Micro Aviation Bat Hawk C,1
Mikoyan-Gurevich MiG-15,1
Mikoyan-Gurevich MiG-15bis,1
Mikoyan-Gurevich MiG-21R,1
Mil (PZL-Swidnik) Mi-2,4
Mil 8MTV-1,1
Mil Mi-171A1,1
Mil Mi-34M1,2
Mil Mi-8 MTV-1,1
Mil Mi-8AMT,10
Mil Mi-8MB,1
Mil Mi-8MTV-1,11
Mil Mi-8T,15
Mitsubishi A6M3 Reisen (Zero),1
Mitsubishi F-2A,1
Mitsubishi MU-2B,1
Mooney M-20C Mark 21,1
Mooney M-20C Ranger,1
Mooney M-20D Master,1
Mooney M-20E Super 21,2
Mooney M-20F,2
Mooney M-20F Executive,3
Mooney M-20F Executive 21,2
Mooney M-20J,6
Mooney M-20J 201,3
Mooney M-20J 205SE,1
Mooney M-20K,1
Mooney M-20K 231,5
Mooney M-20M Bravo GX,1
Mooney M-20M TLS,1
Mooney M-20R Ovation 2,1
Mooney M-20R Ovation 3,1
Mooney M-20TN Acclaim,1
Morane-Saulnier MS-317,1
Morane-Saulnier MS-506L Criquet,1
Morane-Saulnier MS-760 Paris,1
Morane-Saulnier MS-880B Rallye Club,1
Morane-Saulnier MS893,1
Mudry CAP-10B,1
Murphy Maverick,1
Murphy Renegade Spirit,1
Murphy SR3500  Moose,1
NAMC YS-11A-202,1
NG-5,3
Nanchang J-12,1
Nando Groppo Trail,2
Nando Groppo Trial,1
Navion Rangemaster G-1,1
Navion Rangemaster H,1
Nicollier HN-700 Menestrel II,2
Nieuport 24 Replica,1
Nieuport 28 (replica),1
Noorduyn AT-16 Harvard II,1
Noorduyn AT-16 Harvard IIB,1
Nord 2501F-3 Noratlas,1
Nord 262A,1
Nord 3400 Norbarbe,1
North American AT-6C Texan,1
North American AT-6D Harvard,1
North American AT-6D Harvard III,1
North American AT-6D Texan,5
North American B-25J Mitchell,6
North American F-51D Mustang,1
North American F-86A Sabre,2
North American F-86H Sabre,1
North American F-86L Sabre,1
North American NA-282 Sabreliner 40A,1
North American Navion A (NA-145),1
North American P-51D Mustang,14
North American Rockwell NA-265 Sabreliner 65,1
North American Rockwell NA-380 Sabreliner 75A,1
North American Rockwell NA-465 Sabreliner 65,1
North American Rockwell OV-10A Bronco,1
North American Rockwell OV-10B Bronco,4
North American SNJ-4 Texan,2
North American SNJ-5 Texan,1
North American SNJ-5B Texan,1
North American SNJ-6 Texan,1
North American T-28A Fennec,1
North American T-28A Trojan,3
North American T-28B Trojan,7
North American T-28C Trojan,1
North American T-6 Texan,1
North American T-6D Texan,1
North American T-6G Texan,6
North American TB-25J Mitchell,1
North American TF-51D Mustang,1
Northrop (AIDC) F-5F Tiger II,1
Northrop F-5E Tiger II,1
Northrop N9M,1
Northrop T-38 Talon,1
Northrop T-38A Talon,1
OMF 100-160 Symphony,2
Oberlerchner Job 15-150,4
Orion Aircraft Orion Cub,2
P&M Aviation QuikR GT450 912S,1
P-68 Observer 2,1
P.68-C,1
P2010 MK II,2
PA-25-260 PUELCHE II,1
PA-28-181 Cherokee Archer II,2
PA-46-600TP M600 SLS,1
PC-6/B2-H4 Turbo Porter,1
PL-12U,1
PZL-104 Wilga-35A,2
PZL-104M Wilga 2000,1
PZL-Mielec AN-2TP,1
PZL-Mielec An-2,1
PZL-Mielec An-28,1
PZL-Mielec Lim-5 (MiG-17F),3
PZL-Mielec Lim-5R (MiG-17),1
PZL-Mielec M-15 Belphegor,1
PZL-Mielec M-15-01 Belphegor,1
PZL-Mielec M-18 Dromader,1
PZL-Mielec M-18B Dromader,1
PZL-Mielec M-20-03 Mewa,1
PZL-Mielec TS-11 Iskra bis D,1
PZL-Mielec TS-8 Bies,2
PZL-Okecie 104 Wilga 32,1
PZL-Okecie CSS-13 (Polikarpov Po-2),1
PZL-Okecie PZL-101A Gawron,2
PZL-Okecie PZL-104 Wilga 35A,1
PZL-Okecie PZL-104 Wilga-35A,3
PZL-Okecie PZL-104 Wilga-80,1
PZL-Okecie PZL-104M Wilga-2000,1
PZL-Okecie PZL-110 Koliber 150,2
PZL-Swidnik SM-1,1
PZL-Swidnik SM-2,1
PZL-Swidnik SW-4,1
Partenavia P-68B,1
Partenavia P-68R Victor,2
Percival P-28 Proctor 1,1
Percival P-56 Provost T1,1
Pereira GP-3 Osprey II,1
Phoenix Air U-15 Phoenix,2
Piaggio P-180 Avanti,4
Piaggio P-180 Avanti Evo,4
Piaggio P-180 Avanti II,5
Pietenpol Air Camper,1
Pilatus Britten-Norman BN-2A-26 Islander,1
Pilatus Britten-Norman BN-2B-20 Islander,7
Pilatus Britten-Norman BN-2B-26 Islander,2
Pilatus P-3-05,1
Pilatus P2-05,1
Pilatus PC-12,1
Pilatus PC-12 NG (PC-12/47E),1
Pilatus PC-12 NGX,22
Pilatus PC-12/45,12
Pilatus PC-12/47,4
Pilatus PC-12/47 (PC-12 NGX),4
Pilatus PC-12/47E,19
Pilatus PC-12/47E (PC-12 NG),21
Pilatus PC-12/47E (PC-12 NGX),19
Pilatus PC-12/47G PRO,10
Pilatus PC-21,1
Pilatus PC-24,46
Pilatus PC-6/B2-H4 Turbo Porter,3
Pilatus PC-7,1
Pilatus PC-9A,1
Piper (Cub Crafters) PA-18-150 Super Cub,2
Piper J-3... Cub,1
Piper J-3C-65 Cub,5
Piper J-3C-65 Cub (L-4A),1
Piper J-3C-90 Cub,1
Piper J-5A Cub Cruiser,1
Piper J4A-S,1
Piper L-18C Super Cub,1
Piper L-18C Super Cub (PA-18-95),4
Piper L-21B Super Cub (PA-18-150),2
Piper L-4H Cub (J-3C-65D),1
Piper L-4H Grasshopper (J-3C-90),1
Piper L-4J Grasshopper (J-3C-65D),3
Piper PA-11-90 Cub Special,2
Piper PA-12 Super Cruiser,2
Piper PA-16 Clipper,1
Piper PA-18-125 Super Cub,1
Piper PA-18-135 Super Cub,1
Piper PA-18-150 Super Cub,12
Piper PA-18-180M Super Cub,1
Piper PA-18-95 Super Cub,8
Piper PA-18A-150 Super Cub,2
Piper PA-22-108 Colt,2
Piper PA-22-135 Tri-Pacer,1
Piper PA-22-150 Caribbean,1
Piper PA-22-150 Pacer,2
Piper PA-22-150 Tri-Pacer,1
Piper PA-22-150/TD Tri-Pacer,1
Piper PA-22-160 Tri-Pacer,1
Piper PA-23-160,1
Piper PA-23-250 Aztec,2
Piper PA-23-250 Aztec D,1
Piper PA-23-250 Aztec E,1
Piper PA-23-250 Aztec F,2
Piper PA-24 Comanche 180,1
Piper PA-24-250 Comanche,2
Piper PA-24-260 Comanche,2
Piper PA-24-260 Comanche B,1
Piper PA-28-140 Cherokee,4
Piper PA-28-140 Cherokee B,1
Piper PA-28-140 Cherokee C,1
Piper PA-28-140 Cherokee Cruiser,4
Piper PA-28-140 Cherokee E,1
Piper PA-28-140 Cherokee Fliteliner,1
Piper PA-28-150 Cherokee C,1
Piper PA-28-151 Cherokee Warrior,6
Piper PA-28-151 Cherokee Warrior II,1
Piper PA-28-161 Cadet,10
Piper PA-28-161 Cherokee Warrior II,2
Piper PA-28-161 Warrior II,21
Piper PA-28-161 Warrior III,5
Piper PA-28-161 Warrior ll,3
Piper PA-28-161(Centurion) Warrior II,1
Piper PA-28-161(Centurion) Warrior III,1
Piper PA-28-180 Archer,1
Piper PA-28-180 Cherokee,3
Piper PA-28-180 Cherokee Archer,2
Piper PA-28-180 Cherokee B,2
Piper PA-28-180 Cherokee C,7
Piper PA-28-180 Cherokee Challenger,6
Piper PA-28-180 Cherokee D,1
Piper PA-28-180 Cherokee E,1
Piper PA-28-180 Cherokee G,1
Piper PA-28-180(mod) Cherokee Archer,1
Piper PA-28-181 Archer,5
Piper PA-28-181 Archer II,23
Piper PA-28-181 Archer III,10
Piper PA-28-181 Archer LX,1
Piper PA-28-181 Archer TX,8
Piper PA-28-181 Cherokee Archer II,3
Piper PA-28-181 Pilot 100i,2
Piper PA-28-201T Turbo Dakota,2
Piper PA-28-235 Cherokee B,1
Piper PA-28-235 Cherokee C,1
Piper PA-28-235 Cherokee D,1
Piper PA-28R-180 Cherokee Arrow,3
Piper PA-28R-200 Arrow II,2
Piper PA-28R-200 Cherokee Arrow,4
Piper PA-28R-200 Cherokee Arrow II,2
Piper PA-28R-201 Arrow,1
Piper PA-28R-201 Arrow III,3
Piper PA-28R-201T Turbo Arrow,3
Piper PA-28R-201T Turbo Arrow III,2
Piper PA-28RT-201 Arrow IV,3
Piper PA-28RT-201 Cherokee Arrow IV,1
Piper PA-28RT-201T Turbo Arrow IV,8
Piper PA-30 Twin Comanche B,2
Piper PA-30-160 Twin Comanche,2
Piper PA-30-160 Twin Comanche ...,1
Piper PA-31 Navajo,1
Piper PA-31-300 Navajo,1
Piper PA-31-310 Navajo,1
Piper PA-31-310 Navajo B,1
Piper PA-31-310 Navajo C,1
Piper PA-31-350 Chieftain,3
Piper PA-31-350 Navajo Chieftain,1
Piper PA-31T Cheyenne,1
Piper PA-31T-620 Cheyenne II,2
Piper PA-31T1 Cheyenne I,2
Piper PA-31T1-500 Cheyenne I,2
Piper PA-31T2 Cheyenne IIXL,2
Piper PA-31T2-620 Cheyenne IIXL,1
Piper PA-32-260 Cherokee Six,2
Piper PA-32-300 Cherokee Six,2
Piper PA-32-300 Cherokee Six E,1
Piper PA-32R-300 Cherokee Lance,1
Piper PA-32R-301 Saratoga II HP,1
Piper PA-32R-301 Saratoga SP,1
Piper PA-32R-301T Saratoga II TC,2
Piper PA-32RT-300 Lance II,1
Piper PA-32RT-300T Turbo Lance II,1
Piper PA-34-200 Seneca,2
Piper PA-34-200 Seneca II,1
Piper PA-34-200T Seneca II,2
Piper PA-34-200T Seneca III,1
Piper PA-34-220T Seneca III,3
Piper PA-34-220T Seneca V,3
Piper PA-38-112 Tomahawk,1
Piper PA-38-112 Tomahawk ...,2
Piper PA-39-160 Turbo Twin Comanche C/R,1
Piper PA-42-720 Cheyenne III,2
Piper PA-42-720 Cheyenne IIIA,2
Piper PA-44-180 Seminole,4
Piper PA-46 600M Meridian,1
Piper PA-46 M500 Meridian,2
Piper PA-46-310P Malibu,4
Piper PA-46-350P M350,4
Piper PA-46-350P Malibu Mirage,4
Piper PA-46-350P Malibu Mirage/Jetprop DLX,2
Piper PA-46-500TP Malibu Meridian,8
Piper PA-46-500TP Meridian M500,2
Piper PA-46-600TP (M600),1
Piper PA-46-600TP (M600) SLS,1
Piper PA-46/Jetprop DLX,2
Piper PA-46R-350T Malibu Matrix,1
Piper PA-60-602P Aerostar,1
Pipistrel  Velis Electro,1
Pipistrel Sinus,1
Pipistrel Virus 912 SW 121,1
Pipistrel Virus SW 121A Explorer,1
Pipistrel Virus SW 600,1
Pipistrel-Virus SW 128 Velis Electro,1
Pipistrel-Virus SW 600D,3
Pipistrel-Virus-SW 121A Explorer,2
Pischof Autoplan Replika,1
Pitts Model S-12,1
Pitts S-1 Special,2
Pitts S-1-11B Super Stinker,2
Pitts S-1E Special,2
Pitts S-1S Special,2
Pitts S-1T Special,1
Pitts S-2A Special,2
Pitts S-2B,1
Pitts S-2B Special,2
Pitts S-2C Special,2
Platzer Kiebitz,2
Porterfield CP-65 Collegiate,2
Porto Aviation Risen FG,1
Prognoz (mock-up),1
Quest Kodiak 100,3
Quest Kodiak 100 Series III,1
Quest Kodiak 200,1
R2160 Alpha Sport,1
RACER,4
RV-10,1
RV-8A,1
Raj Hamsa X'Air Hanuman,1
Rand Robinson KR-2S,1
Rans S-10 Sakota,1
Rans S-5 Coyote I,1
Rans S-6 Coyote II,2
Rans S-6ES Coyote II 582,1
Rans S-7 Courier,1
Rans S-7S Courier,1
Raytheon 1900D,6
Raytheon 350 King Air (B300),4
Raytheon 390 Premier I,4
Raytheon A36 Bonanza,1
Raytheon A36 Bonanza 36,2
Raytheon B200 King Air,4
Raytheon Beechjet 400A,5
Raytheon Beechjet 400A/Nextant 400XTi,1
Raytheon Beechjet 400XPR,1
Raytheon C90A King Air,1
Raytheon C90GT King Air,1
Raytheon Hawker 400XP,3
Raytheon Hawker 800XP,11
Raytheon Hawker 800XPi,1
Raytheon Hawker 850XP,2
Raytheon Hawker 850XPi,1
Reims Cessna F150L,3
Reims Cessna F172M,1
Reims Cessna F172P,1
Reims F150G,1
Reims F150J,1
Reims F150L,1
Reims F152,3
Reims F152 II,3
Reims F172D Skyhawk,1
Reims F172G Skyhawk,1
Reims F172H,1
Reims F172H Skyhawk,3
Reims F172L Skyhawk,4
Reims F172M Skyhawk,5
Reims F172N,2
Reims F172N Skyhawk,2
Reims F172N Skyhawk 100,2
Reims F172N Skyhawk 100 II,5
Reims F172N Skyhawk II,3
Reims F172P,1
Reims F172P Skyhawk II,2
Reims F177RG Cardinal RG,1
Reims F182Q Skylane II,4
Reims F406 Caravan II,3
Reims FR172E Reims Rocket,2
Reims FR172G Reims Rocket,2
Reims FR172H Reims Rocket,1
Reims FR172J Reims Rocket,2
Reims FR172K Hawk XP II,1
Reims/Cessna F172M Skyhawk II,1
Remos G3 Mirage,1
Remos G3 Mirage 600,5
Remos GX,8
Remos GXiS,1
Republic P-47D Thunderbolt,1
Rider R-6,1
Robin DR 400 - 140B,1
Robin DR 400-180,2
Robin DR-200,1
Robin DR-253B Regent,1
Robin DR-300/125,1
Robin DR-400-120 Dauphin,1
Robin DR-400-135CDI Ecoflyer,2
Robin DR-400-140B,2
Robin DR-400-140B Major,6
Robin DR-400-180 Regent,2
Robin DR-400-180R,1
Robin DR-400-180R Regent,1
Robin DR-400-180R Remo 180,2
Robin DR-400-180R Remorqueur,11
Robin DR-400-180S Regent,1
Robin DR-400-200R Remo,1
Robin DR-400-500 President,1
Robin DR-401-155CDi,2
Robin DR-401-180A,2
Robin DR400/120 Dauphin 2+2,2
Robin DR400/140B,2
Robin DR400/180 Regent,1
Robin DR400/180R Remorqueur,1
Robin Dr-401/155CDI,1
Robin HR-200-100 Club,1
Robin HR100/250TR Tiara,1
Robin R-2160,1
Robin R-2160 Alpha Sport,1
Robin R-2160D Acrobin,2
Robinson R-22 Beta,5
Robinson R-22 Beta 2,2
Robinson R-22 Beta II,3
Robinson R-44 Astro,2
Robinson R-44 Clipper II,6
Robinson R-44 I,1
Robinson R-44 II,12
Robinson R-44 Raven,5
Robinson R-44 Raven I,3
Robinson R-44 Raven II,33
Robinson R-66,1
Robinson R-66 Turbine,13
Robinson R-66 Turbine Marine,2
Rockwell 690B Turbo Commander,1
Rockwell 690C Turbo Commander,2
Rockwell 695 Jetprop 980,2
Rockwell 695A Jetprop 1000,1
Rockwell Commander 112,1
Rockwell Commander 112A,2
Rockwell Commander 112TC,1
Rockwell Commander 114,1
Rockwell Space Shuttle,1
Roko Aero NG6 UL,1
Roko NG4 UL,1
Rokospol VIA,1
Roland Z-602 Zodiac,7
Roland Z-602XL Zodiac,1
Roland Z-602exclusiv Zodiac,1
Rolladen-Schneider LS8-18,1
Royal Aircraft Factory BE-2F Replica,1
Royal Aircraft Factory SE-5A Replica,1
Rubik R-26 Góbé,3
Rubik R-26SU Góbé,3
Rushmeyer R90-230RG,1
Rutan 31/33 VariEze,1
Rutan 33 VariEze,1
Rutan 61 Long-EZ B,1
Rutan 61 Long-EZ PDE,1
Ryan Navion G,1
Ryan PT-22 Recruit (ST3KR),5
S-LSA,1
SAI Ambrosini S-7 Super,1
SAN Jodel D-150 Mascaret,1
SC-7 Skyvan,4
SIAI-Marchetti SF-260D,1
SK-12M Orion,1
SNCAN Stampe SV-4C,1
SPAD S VIII,1
SPAD S-XIII (replica),1
Saab 2000,24
Saab 340A,3
Saab 340A(F),1
Saab 340B,14
Saab 340B/Plus,12
Saab 340BPlus(F),1
Saab 91D Safir,1
Saab RF-35 Draken,1
Saab Sk35C Draken,1
Saab-Fairchild SF-340A,1
Saab-Fairchild SF-340A(QC),1
Salmson D.6 Cricri,1
Sandera Ibis,1
Santos-Dumont Demoiselle (replica),1
Sauques DS 250,1
Savannah Africa Savannah S,1
Savannah S,1
Scaled Composites 143 Triumph,2
Scalewings SW-51 Mustang,1
Scheibe SF-25B Falke,4
Scheibe SF-25C Falke,3
Scheibe SF-25C Falke 2000,1
Scheibe SF-25C Rotax Falke,1
Scheibe SF-25C Rotax-Falke,2
Scheibe SF-25C/TL Falke,1
Scheibe SF-25K K-Falke,1
Schempp-Hirth Discus 2b,1
Schempp-Hirth Discus 2c,1
Schleicher AS-34 Me,1
Schleicher ASK-13,4
Schleicher ASK-16,2
Schleicher ASK-21,1
Schleicher ASW-15,1
Schleicher K-8B,2
Schleicher Ka-7 Rhonadler,1
Schweizer 269C,1
Schweizer 300C (269C),1
Scottish Aviation Bulldog 120/121,1
SeaRey LSX,1
Sepecat Jaguar T2A,1
Shark.Aero Shark,2
Shark.Aero Shark 600,2
Shark.Aero Shark UL,2
Shenyang F-6,1
Short 330-...,1
Short 360-100,2
Short 360-200,1
Short 360-300,3
Short C-23B Sherpa (330-200),1
Short C-23B+ Sherpa (360),1
Short C-23C Sherpa (360),3
Short SC-7 Skyvan,2
Short SC-7 Skyvan 3-200,1
Short SC-7-3M-100 Skyvan,1
Short SC-7-3M-400 Skyvan,1
Sikorsky (Erickson) S-64E Aircrane,2
Sikorsky CH-54B Tarhe (S-64B),2
Sikorsky EH-60A Black Hawk (S-70A),1
Sikorsky JRS-1 (S-43),1
Sikorsky MH-60T Jayhawk (S-70B-5),1
Sikorsky S-58JT,3
Sikorsky S-61N,3
Sikorsky S-61N MkII,2
Sikorsky S-64E Skycrane,4
Sikorsky S-64F Skycrane,4
Sikorsky S-70A-9 Black Hawk,1
Sikorsky S-76B,2
Sikorsky S-76C,2
Sikorsky S-76C+,3
Sikorsky S-76C++,2
Sikorsky S-76D,5
Sikorsky S-92A,5
Sikorsky S-92A Helibus,4
Sikorsky UH-60A Black Hawk (S-70A),3
Sikorsky UH-60L Black Hawk (S-70A),2
Sikorsky UH-60L Blackhawk,3
Sikorsky UH-60M Black Hawk,1
Silvaire 8A,1
Sinus,1
Skileader 200,1
Sky Crusers Jora,1
Sky Ranger,2
SkyReach BushCat,1
Skyleader JA-600,1
Skyranger Nynja,1
Skystar Kitfox IV - Classic,2
Skystar Kitfox S7,2
Sling Aircraft Sling 2,2
Sling Aircraft Sling 2 Taildragger,1
Sling Aircraft Sling 2iS,1
Sling Aircraft Sling 4,2
Sling Aircraft Sling 4 TSi,9
Sling Aircraft Sling HW,2
Sling Aircraft Sling LSA,2
Slingsby T-67...,1
Slingsby T-67M-200 Firefly,1
Sobkow WS-4bis Swierszcz,1
Socata MS-880B Rallye Club,1
Socata MS-893A Rallye Commodore 180,1
Socata MS-893E Rallye 180GT,2
Socata Rallye 180TS Galerien,1
Socata Rallye 235E Gabier,1
Socata TB-10 Tobago,5
Socata TB-20 Trinidad,2
Socata TB-20 Trinidad GT,2
Socata TB-200 Tobago XL,1
Socata TB-21 Trinidad TC,1
Socata TB-30 Epsilon,2
Socata TB-30A Epsilon,1
Socata TB-9 Tampico,1
Socata TBM-700,5
Socata TBM-700A,2
Socata TBM-700C-2,1
Socata TBM-850,3
Socata TBM-850 (700N),2
Socata TBM-900,3
Socata TBM-910 (700N),2
Socata TBM-930 (700N),3
Socata TBM-940 (700N),1
Soko G-2A Galeb,2
Solo Wings Windlass Aquilla,1
Sonex Aircraft Sonex,1
Sonex Highwing,1
Sonex Waiex-B,1
Sopwith,1
Spacek SD-1 Minisport,4
Spacek SD-1 TG Minisport,1
Spacek SD-2 Sportmaster,1
Spitfire LF.VIIIC,1
Sport Cruiser,1
Sportavia-Putzer Fournier RF-4D,1
Stampe-Vertongen SV-4B,6
Stampe-Vertongen SV-4C,1
Stampe-Vertongen SV-4E,1
Stampe-Vertongen SV-4L,1
Stearman C3B,2
Stearman PT-13B/R985 Kaydet (A75),2
Steen Skybolt,1
Stemme S-10V,1
Stemme S-12,2
Stewart S-51 Mustang,1
Stinson 108 3 Voyager,1
Stinson 108 Voyager,1
Stinson 108-1 Voyager,1
Stinson O (Replica),1
Stinson S Junior,1
Stoddard-Hamillon GlaStar GS-1,1
Stoddard-Hamilton Glasair GlaStar,1
Stoddard-Hamilton Glasair III,1
Storm RG Fury,1
Sud SE-210 Caravelle 10B3 Super B,3
Sud SE-210 Caravelle III,12
Sud SE-210 Caravelle VI-N,8
Sud SE-210 Caravelle VI-R,3
Sud-BAC Concorde,1
Sukhoi SSJ-100-95-LR-100 Superjet 100 (RRJ-95LR),9
Sukhoi SSJ-100-95B Superjet 100 (RRJ-95B),40
Sukhoi SSJ-100-95B-LR Superjet 100 (RRJ-95B),3
Sukhoi SSJ-100-95LR Superjet 100 (RRJ-95B),2
Sukhoi SSJ-100-95LR Superjet 100 (RRJ-95LR),4
Sukhoi Su-26M,1
Sunward SA60L Aurora,1
Supermarine 358 Seafire F3,1
Supermarine 359 Spitfire HF8C,2
Supermarine 361 Spitfire Mk9,1
Supermarine 365 Spitfire PR11,3
Supermarine 379 Spitfire FR14,1
Supermarine 389 Spitfire PR19,1
Supermarine 395 Seafire F17,2
Svoboda Fisher Classic,1
Swearingen SA-226T Merlin III,1
Swearingen SA-226T(B) Merlin IIIB,1
Swearingen SA-226TC Metro II,1
Swearingen SA226-T Merlin IIIB,1
T-38C Talon,1
TBM 960,7
TL Ultralight Stream,1
TL Ultralight TL-2000 Sting Carbon,1
TL Ultralight TL-3000 Sirius,2
TL-Ultralight TL-2000 Sting,1
TL-Ultralight TL-2000 Sting ...,1
TL-Ultralight TL-2000 Sting Carbon,1
TL-Ultralight TL-2000 Sting RG,1
TL-Ultralight TL-2000 Sting S4,1
TL-Ultralight TL-3000 Sirius,5
TL-Ultralight TL-96 Star,5
TL-Ultralight TL-96 Sting,3
Tatra T-131PA Jungmann,1
Taurus 503,1
Taylorcraft BC-12D,1
Taylorcraft DCO-65,1
Taylorcraft E Auster Mk3F,1
Taylorcraft L-2M Grasshopper,1
Taylorcraft Plus D,2
Team F1 Rocket,2
Technoavia SP-55M,1
Tecnam P-2002 Sierra,2
Tecnam P-2002JF Sierra,2
Tecnam P-2006T,3
Tecnam P-2006T MkII,1
Tecnam P-2006T NG Sport,1
Tecnam P-2008 JC,1
Tecnam P-2008 JC MK II Premium Edition,1
Tecnam P-2008JC,1
Tecnam P-2008JC MkII,7
Tecnam P-2010P TwentyTen,3
Tecnam P-2012 Traveller,1
Tecnam P-92 Echo,9
Tecnam P-92 Echo Classic,2
Tecnam P-92 Echo Light,1
Tecnam P-92 Echo Mk.2,1
Tecnam P-92 Echo Super,5
Tecnam P-92-2000RG,1
Tecnam P-92-2000S Echo Super,1
Tecnam P-92JS Echo,3
Tecnam P-92S Echo,3
Tecnam P-96 Golf 100,1
Tecnam P-Mentor,5
Tecnam P2012 Sentinel SMP,1
Tecnam P2012 Traveller,3
Ted Smith Aerostar 601,1
Ted Smith Aerostar 601P,1
Terzi T-30 Katana,1
Textron Aviation 700,1
Textron Aviation Inc. 172S,2
The Airplane Factory LSA,1
Thrush S2R-T660 Thrush 710P,1
Tomark Aero SD-4 Viper RTC,2
Tomark Aero Viper SD-4,3
Trail,3
Transall C-160P,2
Travel Air E-4000,3
Tri Technologies Kis TR-1,1
Tupolev Tu-104B,1
Tupolev Tu-134,1
Tupolev Tu-134A,2
Tupolev Tu-134A-3,10
Tupolev Tu-154,1
Tupolev Tu-154B,2
Tupolev Tu-154B-1,1
Tupolev Tu-154B-2,6
Tupolev Tu-154M,20
Tupolev Tu-204-100,1
Tupolev Tu-204-100S (Tu-204C),2
Tupolev Tu-204-100V,2
Tupolev Tu-204-300,1
Tupolev Tu-214,2
Tupolev Tu-214PU,1
Tupolev Tu-214SR,1
Tupolev Tu-214SUS,2
ULBI WT-01 Wild Thing,2
UOC,1
Ultralight Concept SV4-RS,3
Ultramagic S-90,1
Urban Air UFM-11 Lambada,1
Urban Air UMF-13 Lambada,1
VFW-Fokker VFW-614,2
VL-3 Evolution 915 is,2
VL-3 Evolution 916 is,1
VL-3 Evolution RG,3
VL3 Evolution,3
Van's RV-10,11
Van's RV-12,3
Van's RV-12iS,3
Van's RV-14,1
Van's RV-14A,3
Van's RV-3,1
Van's RV-4,8
Van's RV-6,5
Van's RV-6A,6
Van's RV-7,26
Van's RV-7A,8
Van's RV-8,21
Van's RV-8A,1
Van's RV-9,1
Van's RV-9A,2
Van's RV7,1
Vans RV-9A,1
Varga 2150A Kachina,1
Vickers 639 Viking 1,1
Vickers 701 Viscount,1
Vickers 708 Viscount,1
Vickers 732 Viscount,1
Vickers 735 Viscount,1
Vickers 784D Viscount,2
Vickers 806 Viscount,4
Vickers 807 Viscount,1
Vickers 808C Freightmaster,1
Vickers 814 Viscount,5
Vickers 836 Viscount,1
Vickers 952 Vanguard,1
Vickers 953C Merchantman,2
Vickers Super VC10 Srs1151,4
Vickers Super VC10 Srs1154,1
Vogt Lo-100 Zwergreiher,1
Vought (Goodyear) FG-1D Corsair,2
Vought F4U-1A Corsair,1
Vought F4U-1D Corsair,1
Vought F4U-4 Corsair,1
Vought F4U-7 Corsair,1
Vulcanair P-68C,1
Vulcanair P-68TC,1
Vulcanair V1.0,1
Vultee BT-13A Valiant,1
Vultee BT-13B Valiant,1
WDFL Dallach D3 Sunwheel,1
WDFL Dallach D4 Fascination,3
Waco VKS-7,1
Waco YMF-5FC,1
WagAero Illusion Mk 1,1
Wassmer WA-40A Super IV,1
Westland SA341B,1
Westland WS-61 Sea King HAR3,1
Westland-Bell-Soloy 47G-3B1,1
Wheeler Express 90,1
Whisper Motorglider,1
Wolf Pitts Pro,1
Wolf Wolfpitts Special,1
Wolfpitts Pro,1
Xian Y-7-100C,1
XtremeAir XA-41 Sbach 300,1
XtremeAir XA-42 Sbach 342,2
YKC,1
YMF-5C,1
Yak 3 UA,1
Yak 3 UPW,1
Yak-55M,1
Yak-7B,1
Yakovlev (Aerostar) Yak-52,5
Yakovlev (Aerostar) Yak-52TW,1
Yakovlev (Bacau )Yak-52,1
Yakovlev (Bacau) Yak-52,7
Yakovlev (Bacau) Yak-52TD,1
Yakovlev Yak-12A,1
Yakovlev Yak-18,1
Yakovlev Yak-18T,8
Yakovlev Yak-3M,1
Yakovlev Yak-40,7
Yakovlev Yak-40K,2
Yakovlev Yak-42,1
Yakovlev Yak-42D,11
Yakovlev Yak-50,3
Yakovlev Yak-52,5
Yakovlev Yak-54,1
Z50 L,1
ZQ-2E,1
Zenair CH 601XL,1
Zenair CH-601,1
Zenair CH-601 UL Zodiac,1
Zenair CH-601 Zodiac,3
Zenair CH-650Ei,1
Zenair CH-750 STOL,3
Zenair CH750 Cruzer,1
Zenair STOL CH-750,1
Zenith CH 750 Cruzer,1
Zenith CH650B,1
Zeppelin LZ N07-101 Zeppelin NT,1
Zivko Edge 540,2
Zivko Edge 540 V2,1
Zlin Savage Classic,1
Zlin Savage Cub,1
Zlin Z-142,2
Zlin Z-143LSi,1
Zlin Z-37A Cmelak,1
Zlin Z-42M,2
Zlin Z-42MU,2
Zlin Z-43,2
Zlin Z-50LX,1
Zlin Z-526,1
Zlin Z-526-A Akrobat,1
Zlin Z-526AFS,2
Zlin Z-526F,1
Zlin Z-526F Trener,1
Zlin Z142,1
