Airline,Image Count
12 Apostles Helicopters,1
21 Air,1
2Excel Aviation,1
3MAS,1
4Fly RJ,2
5 Star Helicopters,1
7 Air Cargo,1
7Air Cargo,3
9Air,9
A jet,52
A.R.T. Aero Taxi,1
AAG Flight Academy,2
ABS Jets,1
ABX Air,9
ACT Airlines,9
ACT Cargo,1
ADAC Luftrettung,14
AERO TOYOTA,11
AHMIC Air,1
AIS Airlines,2
ALK Airlines,1
ALM Antillean Airlines,1
AMC Airlines,1
ANA,4
ANA Wings,1
AOM French Airlines,2
APEX Aviation,1
ARCA Aviation,1
ASL - Air Service Liege,1
ASL Airlines,19
ASL Airlines Belgium,7
ASL Airlines France,4
ASL Airlines Ireland,1
ASL Fly Med,1
ATA - Atlantico Transporte Aéreo,1
ATA Airlines,1
ATAC,2
ATAC - Airborne Tactical Advantage Company,3
ATI - Aero Trasporti Italiani,1
ATI Airlines,1
"ATLA - Acquisition, Technology & Logistics Agency",1
ATP - Airline Transport Professionals,1
ATP Flight School,8
ATR,1
ATSA,2
AVIC,4
AWA - Aeronautical Web Academy,1
AZee Air,1
Abaete Aerotaxi,1
Abakan Air,1
Abelag Aviation,1
Abercrombie & Kent,1
Absa Cargo,1
Académie de l'Air et de l'Espace,1
Acasta HeliFlight,1
"Acquisition, Technology & Logistics Agency",1
Adani,1
Adria Airways,5
Advanced Air,1
Aegean Airlines,47
Aegean Cronus Airlines,1
Aer Lingus,58
Aer Lingus - Irish International Airlines,1
Aer Lingus Commuter,1
Aer Lingus Regional,6
AerCap Ireland,1
AerCaribe Cargo,1
Aeral,1
Aerial Surveys Ltd,1
Aerlink,1
Aero,1
Aero - Finnish Airlines,1
Aero California,1
Aero Club Milano,1
Aero Club Monferrato,1
Aero Clube de Coimbra - ACC,1
Aero Clube do Porto,1
Aero Condor,1
Aero K,6
Aero Lloyd,1
Aero Mongolia,3
Aero Nomad,2
Aero Regional,2
Aero Service,2
Aero Sur Servicios Aereos,1
Aero-Flite,1
Aero-Sotravia,1
Aero-club Andernos-les-bains,2
AeroCancun,1
AeroCar,1
AeroClub Salta,1
AeroGuard Flight Training Center,6
AeroLogic,7
AeroMexico,84
AeroMexico Connect,5
AeroPeru,2
AeroRio,2
AeroSPARX Team,4
AeroStan,1
AeroSvit Airlines,1
AeroUnion,1
Aerobaltic,1
Aerobat Aviation,1
Aerocardal,1
Aeroclub Basque,1
Aeroclub La Rioja,1
Aeroclub Mons-Borinage,1
Aeroclub de Sarrebourg,1
Aeroclub del Ecuador,1
Aeroclube de Pindamonhangaba,1
Aeroclubul Romaniei,2
Aeroflite,2
Aeroflot,20
Aeroflot - Russian Airlines,68
Aeroflot Cargo,2
Aeroitalia,4
Aeroklub Ostrowski,1
Aeroklub PLL LOT,3
Aeroklub Radomski,4
Aeroklub Warszawski,1
Aeroklub Wroclawski,2
Aerolineas Argentinas,36
Aerolineas Argentinas Cargo,1
Aerolineas Argentinas Express,1
Aerolineas Sosa,14
Aeromar,1
Aeromexpress Cargo,1
Aeronaves TSM - Transportes Saltillo Monterrey,1
Aeronaves del Peru,1
Aeronova,1
Aeropeace,1
Aeropol,1
Aeroruta Maya,1
Aerorutas - Maya,1
Aerospatiale France - British Aircraft Corporation,1
Aerostar,1
Aerostar Aviation Pty Ltd.,1
Aerot'ex,1
Aerotec,1
Aerotech Australasia Pty Ltd,2
Aerotech Helicopters,1
Aerotrans Cargo,1
Aerovias DAP,1
Aerovic,1
Aerowest,3
Aerowings,1
Afcom Cargo,1
Africair,2
African Express Airways,1
African Parks,1
African Safari Airways - ASA,1
Agat,1
Aigle Azur,1
Air 001,2
Air 2000,2
Air Afrique,1
Air Albania,1
Air Alfa,1
Air Algerie,41
Air Alsace,1
Air Alsie,1
Air Ambulance Hungary,1
Air Anka,6
Air Antilles Express,1
Air Arabia,13
Air Arabia Maroc,12
Air Aruba,1
Air Asia,2
Air Astana,16
Air Atlanta Icelandic,1
Air Atlantique,5
Air Atlantis,1
Air Austral,2
Air Baltic,75
Air Belgium,2
Air Berlin,38
Air Berlin USA,1
Air Botswana,1
Air Botswana Cargo,1
Air Bridge,1
Air Burundi,1
Air Busan,7
Air Cairo,13
Air Canada,156
Air Canada Cargo,4
Air Canada Express,30
Air Canada Rouge,21
Air Caraibes,11
Air Cargo Carriers,3
Air Cargo Egypt,2
Air Changan,2
Air Charter Express,4
Air Charter Scotland,1
Air Chathams,1
Air China,152
Air China Cargo,35
Air China Inner Mongolia,2
Air Class,1
Air Columbus,1
Air Comet,1
Air Congo,1
Air Corporate,6
Air Corridor,1
Air Corsica,7
Air Corviglia,1
Air Creebec,1
Air Dabia,1
Air Damasco,1
Air Djibouti - Red Sea Airlines,1
Air Do,12
Air Dolomiti,26
Air Eagle Aviation Academy,1
Air Europa,55
Air Europa Express,15
Air Europe,1
Air Evac LifeTeam,1
Air Explore,1
Air Express,1
Air Flamenco,1
Air Flamenco Cargo,2
Air France,210
Air Freight,1
Air Fribourg,1
Air Green,2
Air Hong Kong,7
Air Horizont,6
Air Incheon,1
Air India,57
Air India Express,5
Air Inter,10
Air Inuit,2
Air Jamaica,1
Air Japan,6
Air Jet,1
Air King Jet SA,1
Air Koryo,2
Air Littoral,1
Air Lituanica,1
Air Macau,14
Air Madagascar,1
Air Majoro,1
Air Malta,10
Air Master,2
Air Mauritius,9
Air Med,1
Air Medical,1
Air Mediterranean,1
Air Mediterranee,4
Air Methods,2
Air Milford,1
Air Moldova,2
Air Montenegro,2
Air Namibia,4
Air Net,1
Air Net Express,1
Air New Zealand,51
Air New Zealand Link,1
Air Niugini,15
Air North,3
Air Nostrum,34
Air Nova,1
Air OPS,2
Air One,12
Air Pacific,1
Air Pannonia,1
Air Pannonia Doo,3
Air Peace,3
Air Premia,9
Air Provence,1
Air Sankuru,1
Air Seoul,1
Air Serbia,28
Air Service Berlin,1
Air Service Center,1
Air Service Gabon,1
Air Slovakia,1
Air Sofia Cargo,1
Air Spain,1
Air Spray,3
Air St. Martin,1
Air Sunshine,1
Air Sweden,1
Air Tahiti Nui,9
Air Tanzania,1
Air Tindi,4
Air Toulouse International,1
Air Transat,24
Air Transport International - ATI,4
Air Travel,6
Air UK,1
Air Ukraine,1
Air Uniqon,5
Air Vanuatu,1
Air X,2
Air X Charter,8
Air Zeta,15
Air Zimbabwe,2
Air-India,4
Air-India Cargo,1
Air-Pannonia,1
AirAsia,59
AirAsia Cambodia,2
AirAsia X,13
AirBridgeCargo Airlines - ABC,2
AirLanka,2
AirShare,1
AirSial,6
AirTran,1
AirX Charter,1
Airblue,4
Airborne Express,1
Airborne Tactical Advantage Company,1
Airbus,14
Airbus Helicopters,4
Airbus Skylink,1
Airbus Transport International,14
Aircalin - Air Caledonie International,4
Airgreen,1
Airlift International,1
Airlift Northwest,2
Airline Transport Professionals,1
Airline of Tasmania,1
Airlines of South Australia,1
Airlink,9
Airpalace,1
Airport Helicopter,2
Airport Helicopter Basel,1
Airseven,6
Airtours International,3
Airzena - Georgian Airways,6
Ajet,42
Akagi Helicopter,2
Akasa Air,1
Aladdin Jet,1
Alaska Airlines,150
Alaska International Air,1
AlbaStar,3
Albania - Air Force,1
Albatros Airlines,1
Ales Airlines,1
Algeria - Government,2
Alia - Royal Jordanian Airline,2
Alidair Scotland,1
Alidaunia,1
Alitalia,20
All Cargo Airlines,1
All Nippon Airways - ANA,290
All Nippon Airways - ANA (ANA Wings),1
All Nippon Airways - ANA Cargo,8
Allegiant Air,44
Allegro Air,1
Alliance Airlines,6
Alliance Executive Jets,1
Allied Air,1
Almasria Universal Airlines,2
Aloha Air Cargo,6
Alpes Hélicoptères,1
Alphaland Balesin Island Club,1
Alpine Air,1
Alpine Flight Service,1
Altair,1
Amapola Flyg,1
Amaszonas Bolivia,1
Amazon Prime Air,21
Amazon Prime Air (Air Transport International - ATI),2
Amazonaves Taxi Aereo,2
Amber Jet Group LLC,1
Amber net,1
Ambernet,1
Amelia,2
Amelia International,1
Amerer Air,1
America West Airlines,14
American,1
American Airlines,413
American Airpower Heritage Flying Museum,1
American Eagle,77
American Falcon Aerolineas,1
American Flyers,1
American Jet,1
American Trans Air - ATA,5
American Winds College of Aeronautics,1
Ameriflight,2
Amerijet International,8
Ameristar,2
Ameristar Air Cargo,1
Amur,1
Anadolu University Civil Aviation School,1
AnadoluJet,8
Anderson Air,1
Andes Lineas Aereas,1
Angola - Government,1
Anguilla Air Service,2
Anguilla Air Services,4
Animawings,8
Ansett Airlines of Australia,1
Antonov,1
Antonov Airlines,10
Antonov Design Bureau,4
Apex Logistics,1
Apollo Med Flight,1
Aquiline International,1
Arab Air Cargo,1
Arajet,8
Argentina - Air Force,2
Argentina - Coast Guard,2
Argentina - Gendarmeria,1
Argentina - Policia de la Ciudad,1
Argentina Government,3
Ariana Afghan Airlines,3
Arkaroola Air Services,1
ArkeFly,2
Arkhangelsk Second Aviation Enterprise,1
Arkia Israeli Airlines,11
Armenian Airlines,1
Arrow Air,2
Artic Group,2
Artur Kielak FULL FORCE Aerobatics,1
Ascend Airways,1
Asia Pacific Airlines,6
Asiana Airlines,61
Asiana Airlines Cargo,8
Aspiring Air,1
Association GMF,1
Astra Airlines,1
Astraeus,1
Atlant-Soyuz Airlines,1
Atlantic Air Solutions,1
Atlantic Airlines,1
Atlantic Airlines Cargo,2
Atlantic Airways,2
Atlantis,1
Atlas Air,99
AtlasGlobal Airlines,2
Atmospherica Aviation,4
Atran,1
Augusta Helicopters,1
Aura Airlines,1
Auric Air,1
Aurigny Air Services,2
Austral Lineas Aereas,11
Australia Asia,1
Australian Maritime Safety Authority - AMSA,1
Austrian Airlines,84
Austrian Arrows,6
Avanti Air,2
Avcon Jet,2
Avelo Airlines,3
Aviaco,1
Aviacon Zitotrans,1
Avialeasing,1
Avialesookhrana,2
Avialsa,1
Avianca,58
Avianca Cargo,14
Avianca Cargo Mexico,5
Avianca Colombia,1
Avianca El Salvador,2
Aviastar-Tu Cargo,4
Aviation Enterprise Eltsovka,5
Aviator.S5,1
Aviatrans,1
"Avic General Huanan Aircraft Industry Co., Ltd",1
Avincis,1
Avincis Aviation Italia,2
Aviogenex,3
Aviolet,1
Avion Express Brasil,1
Awair,2
Awesome Cargo,2
Ayjet,1
Azerbaijan - Government,3
Azerbaijan Airlines - AZAL - AHY,18
Azerbaijan Government,1
Azimut,1
Azimuth Airlines,8
Azores Airlines,7
Azul - Linhas Aereas Brasileiras,33
Azul Cargo,2
Azul Conecta,1
Azul Linhas Aereas Brasileiras (EuroAtlantic airways),1
Azur Air,10
Azur Helicoptere,1
Aéroclub ULM Charente,1
Aéroport Cannes-Mandelieu,1
B & H Airlines,1
B&E International,1
BA Connect,2
BAA - Business Aviation Asia,2
BAC Helicopters,1
BAE Systems,1
BASe - Budapest Aircraft Service,1
BBJ One,1
BBN Airlines,1
BBN Airlines Indonesia,1
BEA - British European Airways,7
BEFA - Boeing Employees Flying Association,1
BELAGRASCO AVIATION II LLC,1
BGR - Bundesanstalt für Geowissenschaften und Rohstoffe,1
BMI British Midland,4
BMI Regional,2
BOAC,2
BWIA International,1
BWIA West Indies Airways,1
Babcock,1
Babcock MCS Italia,2
Baboo,1
Back Country Helicopters,3
Badr Airlines,1
Bahamasair,1
Bahrain - Royal Air Wing,1
Bahrain Royal Flight,2
Balair,2
Balkan - Bulgarian Airlines,8
Balkan - Bulgarian Airlines Cargo,2
Baltic Airlines,1
Bamboo Airways,2
Bangkok Airways,13
Bank of Utah,1
Barkol,1
Basra Airlines,1
Batik Air,7
Batik Air Malaysia,29
Batik Air Malyasia,1
Bauhaus,1
Be Aero,1
Beijing Airlines,2
Beijing Capital Helicopter,1
Bek Air,1
BekAir Aviation,1
Bel Air,1
Belavia,15
Belgium - Gendarmerie/Rijkswacht,1
Belgium - Politie/Police,1
Bell Geospace,2
Beond,1
Berjaya Air,2
Berliner Spezial Flug,1
BermudAir,2
Best in Sky,1
Beta Cargo,2
Bid Air Cargo,1
Biman Bangladesh,6
Binter Canarias,36
Birgenair,1
Black Eagle Aviation,1
Black Hills Helicopters,4
Blue Air,4
Blue Dart Aviation,1
Blue Islands,1
Blue Line,1
Blue Panorama Airlines,1
Blue Scandinavia,1
Blue Wings,1
Blue1,3
Bluebird Airways,4
Bmibaby,6
Boeing,16
Bohnstedt-Petersen,1
Boliviana de Aviacion - BoA,6
Bombardier,3
Bona Bona Aviation,1
Bookajet,1
Bosna Air,1
Botswana - Air Force,1
Braathens Regional,12
Braathens SAFE,1
Braniff International Airways,1
Braspress Air Cargo,1
Brazil - Air Force,2
Brazil - Government of Santa Catarina State,1
Breeze Airways,18
Breitling,2
Bridges Air Cargo,5
Bristow Helicopters,1
Bristow Helicopters HM Coastguard,1
Bristow Táxi Aéreo,1
Brit Air,1
Britannia Airways,2
British Air Ferries - BAF,3
British Aircraft Corporation - Aerospatiale France,1
British Airways,341
British Airways (Loganair),1
British Airways CitiExpress,1
British Airways Express,2
British Airways World Cargo,1
British Island Airways - BIA,2
British Midland Airways - BMA,4
British Midland Commuter,1
British World Airlines,2
Brose,1
Brown Helicopter,1
Brunei - Government,1
Brunei - Sultan's Flight,1
Brunei Sultan's Flight,1
Brussels Airlines,98
Brymon Airways,1
Buffalo Airways,4
Bulair,2
Bulgaria - Air Force,1
Bulgaria - Government,2
Bulgaria Air,9
Bulgaria Air Ambulance,1
Bulgarian Air Charter,2
Bundespolizei,3
Bursa Airlines - Bursa Hava Yollari,2
Buta Airways,1
Buzz,15
BySky,1
CAA - Compagnie Africaine d'Aviation,1
CAAC,2
CAAC - Civil Aviation Administration Of China,1
CAE Global Academy,1
CAE Oxford Aviation Academy,2
CAF,1
CAFUC,1
CAFUC - Civil Aviation Flight University of China,1
CASC,1
CBJ Cargo,1
CDF - California Department of Forestry & Fire Protection,1
CFS - Corpo Forestale dello Stato,1
CHC do Brasil Táxi Aéreo,2
CHINA EXPRESS AIRLINE,2
CHINA SOUTHERN AIRLINE,1
CKD Aviation,1
CM Airlines,4
CMA CGM Air Cargo,6
COCHISE COLLEGE,1
COHC - CITIC Offshore Helicopter Co.,6
COMAC Express,1
COPA Panama,1
CP Air,2
CSA - Ceskoslovenske Aerolinie,3
CSA - Czech Airlines,18
CSA Czech Airlines (Smartwings),3
CSC Delaware Trust,1
CTA - Cleiton Táxi Aéreo,1
CTA Cleiton Taxi Aereo,3
CUNHA Taxi Aereo,1
Cal Fire,1
Caledonian Airways,2
Calspan Aerospace Corporation,1
Cambodia Airways,7
Cambrian Airways,1
Cameroon Airlines,1
Camex Airlines,2
Canada - Air Force,4
Canada - Government,1
Canada 3000,2
Canadian Airlines,1
Canadian North,5
Canadian Warplane Heritage,2
Canaryfly,4
Canton Air,1
Cape Air,11
Cape Town Helicopters,1
Capital Airlines,24
CargOman,1
Cargo Air,4
Cargo Lion,1
Cargojet Airways,5
Cargolux,54
Cargolux Italia,7
Caribbean Airlines,13
Caribe Air Charters,1
Carlisle Flight Training,1
Carnival Air Lines,2
Carpatair,11
Caspian Airlines,2
Catair,1
Cathay Cargo,1
Cathay Dragon,1
Cathay Pacific Airways,214
Cathay Pacific Airways Cargo,28
Cavok Air,2
Cayman Airways,2
Cebu Pacific Air,9
CemAir,2
Centennial,1
Central Airlines,11
Central Mountain Air - CMA,2
Central South Island Helicopters,1
Centro de Entrenamiento Aeronáutico El Salvador (CEA),2
Centrum Air,23
Centurion Air Cargo,1
Cerclepara,1
Cessna,1
Chabahar Air,1
Chair Airlines,2
Challenge Air Cargo - CAC,5
Challenge Airlines,3
Challenge Airlines (BE) S.A. e,8
Challenge Airlines MT,1
Challenge Group,3
Charter Jet,1
Chengdu Airlines,17
Chengdu Yunyifei General Aviation,1
Cheongchungnamdo,1
Chile - Carabineros,1
China - Air Force,4
China - Navy,1
China - Police,1
China Academy of Launch Vehicle Technology,3
China Air Rescue,2
China Airlines,103
China Airlines Cargo,28
China Aviation Industry General Aircraft,2
China Cargo Airlines,16
China Central Longhao Airlines,8
China Coast Guard,1
China Eastern Airlines,227
China Express,1
China Express Airlines,16
China General Aviation,2
China Postal Airlines,14
China Rescue,1
China Southern Airline General Aviation,2
China Southern Airlines,208
China Southern Airlines Cargo,9
China Southwest Airlines,3
China United Airlines,6
China West Air,2
China Xinjiang Airlines,2
China Yunnan Airlines,1
Chongqing Airlines,6
Chosonminhang,1
Christophorus Flugrettungsverein (ÖAMTC),1
Chrono Aviation,1
Cielos del Peru Cargo,2
Ciskei International Airways,1
Ciss,2
Citic Offshore Helicopter,2
Citilink,8
CityBird,2
CityJet,14
Civil Air Patrol,2
Civil Aviation College,1
Civil Aviation Flight University of China,1
Classic Air,3
Clickair,1
Clipper National Air,1
Club Aereo del Personal de Carabineros,3
Club de vuelo TAS,2
Coastal Air,1
Coastal Pacific Aviation,1
Coastal Skydive,1
Coldstream Helicopters,1
Colombia - Satena,3
Colorful Guizhou Airlines,5
Comair,1
Combs Freightair,2
Comlux Malta,3
Commemorative Air Force,3
Commute Air,1
Compass Air Cargo,14
Conair,2
Conarg Motion,1
Condor,235
Constellation International Airlines,1
Continental Airlines,16
Continental Micronesia,2
Contour Airlines,2
Contour Aviation,2
Convers Avia,1
Conviasa,2
Copa Airlines,35
Copa Airlines Colombia,2
Corendon Airlines,18
Corendon Airlines Europe,6
Corendon Dutch Airlines,10
Corpo de Bombeiros Militar do Distrito Federal,1
Corporate Air,1
Corsair,7
Corsair International,3
Corsairfly,1
Coulson Aircrane,1
Coulson Flying Tankers,4
Court Line,1
Coutale Aviation,1
Cowi Aerial Survey,1
Croatia - Government,1
Croatia Airlines,31
Crossair,1
Cubana,6
Cycladic,1
Cygnus Air,6
Cyprus Airways,2
Czech Republic - Air Force,3
DAC Air,1
DAS Air Cargo,1
DDA - Dutch Dakota Association,1
DEA Aviation,1
DFS - Deutsche Flugsicherung,1
DHL,105
DHL (Aerologic),3
DHL Aero Expreso,2
DHL Air,15
DHL Air Austria,2
DHL Cargo,1
DHL de Guatemala,1
DLR - Deutsches Zentrum fuer Luft- und Raumfahrt,2
DLR - Deutsches Zentrum für Luft- und Raumfahrt,2
DLT - Deutsche Luftverkehrsgesellschaft,1
DRF Luftrettung,9
Daegu Fire Service,1
Daejin Aviation,2
Dakota Aviation,1
Dalia Air,1
Dalian Airlines,1
Dan Air,1
Dan-Air London,7
Danfoss Group,1
Danish Air Transport,5
Davenport Aviation,1
De Havilland,1
De Havilland Canada,3
Debonair Airways,1
Deer Jet,1
Delaware State Police,1
Delft University of Technology,1
Delta Air Lines,448
Delta Air Transport - DAT,3
Delta Connection,46
Delta Express,2
Denver Air Connection,2
Department of royal rainmaking and agricoltural aviation Thailand,1
Derazona Air Service (Helicopters),2
Desert Air Transport,1
DesertAir,1
Deta Air,1
Deutsche BA,2
Diamond Air Service,1
Dinar Lineas Aereas,14
Direction Generale de l'Aviation Civile,2
Discover Airlines,28
Discovery Airlines,2
Divi Divi Air,5
Dobrolet,2
Donavia,1
Donghai Airlines,4
Donghai Jet,1
Dragonair,4
Drukair - Royal Bhutan Airlines,1
Dubai Air Wing,1
Duke Energy,1
Dynamic Aviation,1
E+S Air,1
EFS Cargo,1
EGT Jet,1
ETF Airways,1
EVA Air,93
EVA Air Cargo,13
EZ Air,1
Eagle Air Cargo,1
Eagle Aviation,1
East African Airways,1
East Line,1
Eastar Jet,9
Eastern Air,2
Eastern Air Express,8
Eastern Air Lines,7
Eastern Airways,6
Eastern Express,1
Easy Charter,7
EasyJet Airline,175
EasyJet Europe,117
EasyJet Switzerland,39
Eclair Aviation,1
EcoCopter,4
EcoJet,2
Edelweiss Air,40
Egypt - Government,3
EgyptAir,49
EgyptAir Cargo,1
Ehime Fire Fighting Disaster Prevention Air Corps,1
Ehrenström Flyg,1
El Al Israel Airlines,46
El Al Israel Airlines Cargo,1
Elan Overnight Delivery System,1
Electra Airlines,1
Electra Airways,11
Elicompany,1
Elikos,1
Elit Avia,1
Embraer,3
Emery Worldwide,3
Emirates,208
Emirates SkyCargo,27
Empire Aviation Group,1
Enav,1
Enter Air,21
Enugu Air,1
Equair,1
Equatorial Guinea - Government,2
Erickson Aero Tanker,1
Estafeta Carga Aerea,3
Estonia - Border Guard,1
Eswatini - Government,2
Ethiopian Airlines,33
Ethiopian Airlines Cargo,23
Etihad Airways,98
Etihad Airways Cargo,5
Etihad Regional,2
Euro Atlantic Airways,6
EuroLOT,2
Eurocity Express,1
Europe Airpost,3
European Cargo,19
European Flight Academy,1
European Flyers,1
European SAO,1
Euroscot Express,1
Eurowings,131
Eurowings Discover,3
Eurowings Europe,1
Eurowings Europe Malta,19
Eurus Aviation,2
Evelop,6
Evergreen International Airlines,5
Everts Air Cargo,2
Excel Airways,1
ExcellentAir,1
Excellentia Airline Academy,1
ExecuJet Middle East,1
Executive Jet Management,1
Express Air Services - EAS,1
Express One International,1
Exxaero,1
FAI - Flight Ambulance International,4
FAI Air Service,2
FCM Fliegerclub Merzbrück,7
FDA - Fuji Dream Airlines,16
FLY Goodyear,1
FSH-Flugdienst,1
FTL Airlines,1
FUBAR Aviation LTD,1
Falcon,1
Falcon Cargo,1
Falcon Wings,1
Falconair,2
Fanatics,1
FarCargo,5
Farnair Europe,1
Fars Air Qeshm,2
Fast Air,1
FedEx - Federal Express,86
FedEx Express,4
FedEx Express (ASL Airlines),1
FedEx Feeder,6
FedEx Feeder (Empire Airlines),1
Federal Express,3
Fighter Aviation Engineering Ltd,2
Fiji Airways,10
Fiji Link,1
Fine Air,2
Finnair,60
Finnair Cargo,1
Finncomm Airlines,1
Finnish Aviation Academy,1
Firefly,7
Firehawk Helicopters,1
First Choice Airways,2
First Flying Company - FFC,7
Fischer Air,1
Fits Air,1
Flabob Express,1
Flair Airlines,4
Fleet Air International,3
Flexjet,13
Flexport,6
Flight Academy Speyer,1
Flight Calibration Services,1
Flight Inspections and Systems,1
Flight Training Adelaide - FTA,7
Flight for Life,1
Flightline,3
Florida Air Cargo,1
Florida Keys Mosquito Control,1
Florida West Airlines,1
Florida West International Airways,1
Fluggruppe Alt-Neuötting e.V.,2
Flugschule  Munchen-Jesenwang,1
Flugschule Hamburg,1
Flugsportgruppe AIRBUS Bremen e.V.,2
Fly 7 Executive Aviation,2
Fly Arystan,2
Fly Baghdad,2
Fly Eagle Sport,1
Fly Excellent,1
Fly Gabon,1
Fly Jinnah,2
Fly Jordan,2
Fly Khiva,1
Fly Legacy,1
Fly Lili,1
Fly Linhas Aereas,1
Fly Meta,10
Fly Mohr GmbH & Co. KG,1
Fly My Sky,1
Fly Pro,5
Fly Pro Cargo,2
Fly the Whale,1
Fly-Coop,1
Fly2Sky,3
Fly4 Airlines,2
FlyEgypt,1
FlyHome,1
FlyLAL - Lithuanian Airlines,2
FlyLili,2
FlyOne,13
FlyOne Armenia,3
FlyOne Romania,2
FlyPelican,1
FlyUni,1
Flyadeal,6
Flybe - British European,5
Flybondi,6
Flydubai,10
Flyglobespan,1
Flying Ranch Triengen,1
Flying Tigers,1
Flynas,10
Flyr,1
Flysafair,6
Flytec,2
Four Seasons,6
France - Air Force,5
France - Gendarmerie,1
France - Securite Civile,4
Fred Olsen,2
Free Bird Airlines,11
Freebird Airlines Europe,1
Freedom Air,1
Freedom II LLC,1
Freedom Plane,2
French Bee,1
Frenchbee,3
Frontex - European Border and Coast Guard Agency,1
Frontier Airlines,80
Frost Air,8
Fuchs Helikopter,1
Fugro,1
Fundació Parc Aeronàutic de Catalunya,2
Fundacja Nasze Skrzydla,1
Funian Jet Aviation,1
Futura International Airways,2
Fuzhou Airlines,2
GAM Air,1
GEOSTAR,1
GOLDEN EAGLE AVIATORS INC,1
GP Aviation,4
GWT - Gesellschaft fur Wasser- und Warmetechnik,1
GX Airlines,4
Garuda - Indonesian Airways,1
Garuda Indonesia,38
Gas Airlines,1
Gauss Aero,1
Gazpromavia,9
Gelix Airlines,1
Gemeinschaft für Luftsport Schwarze Heide,1
Gemini Air Cargo,1
General Atomics,4
General Electric,1
Genius Air,1
Geo Story,1
Geo-Sky,4
Geocart Herten,1
Geodis,1
Geofoto,1
Georgia - Government,1
Georgian Airlines,3
Georgian Airways,12
Geosurvey International,1
German Airways,14
German Cargo,3
German Federal Ministry of the Interior,1
German Sky Airlines,1
Germanair,1
Germania,6
Germanwings,57
Germany - Air Force,5
Germany - Police,1
Gestair,1
Gifu Disaster Prevention Air Corps,1
Gill Airways,2
Glenorchy Air,1
Global Airlift Solutions,1
Global Airlines (Hifly Malta),3
Global Airtanker Service,1
Global International Airways - GIA,1
Global Jet,1
Global Jet Austria,1
Global Jet Luxembourg,2
Global Jetcare,2
Global Wings,2
Global X,11
Global X Cargo,1
Globe Air,1
GlobeAir,1
Globus Airlines,1
Glock,3
Go First,1
Go Fly,1
Go2Sky,3
GoAir,4
Gobierno de Cantabria,1
Gol Linhas Aereas Inteligentes,13
Gol Linhas Aéreas,6
Gol Transportes Aereos,28
Golden Air,2
Goldtimer Foundation,1
Gomair,1
Goodyear,2
Government of Quebec,1
Government of Saskatchewan,1
Gowair,2
Grand Air Charters,1
Grand Aire Express,2
Grand Bahama,1
Grand Canyon Airlines,1
Grand China,1
Great Lakes Airlines,1
Great Wing Airline,1
Greater Bay Airlines,7
Greenair,2
Gridiron Air,1
Gromov Flight Research Institute,2
Grupo Policlínica,1
Guangzhou Government Flying Service,2
Guardia Nacional - Mexico,1
Guardian Air,1
Guardian Flight,1
Guernsey Airlines,1
Gulf Air,25
Gulf Helicopters,1
Gulf Med Aviation Services,1
Gulfstream Aerospace,1
Gulfstream Aerospace Corporation,1
Gulfstream PlaneParts,1
HTM - Helicopter Travel Munich,1
HW Aviation,2
Hahn Air,1
Hainan Airlines,127
Hainan Sanya Yalong General Aviation,2
Hangar 8,1
Hans Jet,1
Hanseatischer Flieger Club Berlin,1
Hanseo University,10
Hapag-Lloyd,1
Hapag-Lloyd Express,1
Hapagfly,1
Harbour Air,8
Harmony Jets,1
Hawaiian Air,42
Hawaiian Airlines,3
Hawk Air,1
Hawkair Aviation Services,1
Hayways Cargo,3
Hebei Airlines,4
Heli Air Monaco,1
Heli Austria,5
Heli Securite,3
Heli Service International,4
Heli Solution,5
Heli Transair,2
Heli-Flight,2
HeliPortugal,1
Helicentre,1
Helicopter Express,1
Helicopter Services,1
Helicopter Transport Services,3
Helicopters,1
Helikorea,2
Helilog,2
Helimarte Taxi Aereo,1
Helipoland,2
Helipratello,1
Heliseven,2
Helisul Aviação,1
Helisys Japan,1
Hellas Jet Helijet Flightservice,1
Hellenic Civil Aviation Authority,1
Hellenic Ministry for Climate Crisis and Civil Protection,3
Hello Jets,2
Helvetic Airways,28
Hengli Group,1
Heringer Taxi Aéreo,1
Herrenknecht Aviation,1
Hertz,1
Heston Airlines,1
Hewa Bora Airways,1
HiSky,7
HiSky Europe,2
Himalaya Airlines,1
Hinterland Aviation,1
Historic Helicopters,1
Hokkaido International Airlines - Air Do,4
Hola Airlines,1
Holiday Airlines,3
Honda Airways,1
Honeywell,2
Hong Kong Air Cargo,3
Hong Kong Airlines,31
Hong Kong Airlines Cargo,5
Hong Kong Express,13
Hong Kong Express Airways,8
Hong Kong Government Flying Service,1
Hongik Air,1
Hongyuan Group,6
Hop,11
Hornbill Skyways,1
Hot Air,2
Humming Airways,1
Hungary - Air Force,1
Hungary Air Cargo,6
Hungary Air Cargo (Wizz Air),2
Hungary Airlines,8
Hunnu Air,2
Hunting Cargo Airlines,3
Hunting Contract Services,1
Hyogo Fire Fighting Disaster Prevention Air Corps,1
Hyundai,1
Häring,1
Hélity Copter Airlines,3
Hércules Taxi Aéreo,1
I.R.S. Italian Remote sensing,1
ICC - Institut Cartografic de Catalunya,1
ICS - Inter Cargo Service,1
ICS - Inter Ciel Service,1
IFA - Instituto de Formação Aeronáutica,3
IFL Group,3
IKAR,4
ITA Airways,97
ITA Arways,10
Ibaraki Disaster Prevention Air Corps,1
Iberia,86
Iberia Express,14
Iberia Regional,22
Iberojet,4
Iberworld Airlines,2
Ibex Airlines,15
Iceland Express,1
Icelandair,49
Icelandair Cargo,1
Il Ciocco Travel,1
Ilavia,1
IndiGo,27
IndiGo (Norse Atlantic Airways,1
Indian Airlines,1
Indonesia AirAsia,6
Inex-Adria Airways,3
Infinity,2
Inflight Charter,1
Insel Air,1
Instituut voor Medische Dringende Hulpverlening,1
Integrity Aircraft Title Holdings LLC.,1
Inter Airlines,1
Inter Caribbean,1
Inter Regional,1
Inter Trans Air,1
Inter-Fret Transport Aerien,1
InterCaribbean Airways,2
InterSky,8
Intercontinental Airlines,1
Interflug,2
International Air Response,1
International Test Pilots School,2
Invicta International,1
Invicta International Airlines,2
Iraero,1
Iran Air,2
Iran Air Cargo,1
Iran Air Tour Airline,1
Iran AirTour,1
Iraq - Government,1
Iraqi Airways,7
Irtysh Avia,1
Islamic Republic of Iran,1
Island Wings Mauritius,1
Isles of Scilly Skybus,1
Israel - Air Force,1
Israir,3
Istanbul Airlines,1
Italfly Aviation,2
Italy - Air Force,1
Italy - Carabinieri,3
Italy - Polizia,1
Italy - Vigili del Fuoco,9
Italy-Guardia di Finanza,2
Itavia,1
Ivory Coast - Government,2
Izhavia,1
J-Air,25
JAL Express - JAL,1
JAT - Yugoslav Airlines,3
JAT Airways,2
JAXA - Japan Aerospace Exploration Agency,1
JCS Jet Charter Service,1
JD Airlines,6
JM Family Enterprises,1
JMC Air,3
JSX,17
JW Flighttraining Graz,1
Jambojet,1
Janet,2
Japan - Air Force,2
Japan - Chiba Prefectural Police,1
Japan - Coast Guard,8
Japan - Police,9
Japan Air Commuter - JAC,6
Japan Air Lines - JAL,2
Japan Air Self-Defense Force (JASDF),1
Japan Air System - JAS,4
Japan Airlines - JAL,243
Japan Airlines - JAL Cargo,6
Japan Asia Airways - JAA,1
Japan Aviation Academy,1
Japan TransOcean Air - JTA,21
Jazeera Airways,3
Jeju Air,32
Jeonnam Fire Fighting Department,1
Jerich International,1
Jersey European Airways,1
Jet Airways,3
Jet Edge,2
Jet Excellence,1
Jet Executive,4
Jet Fly,2
Jet Globe Havacilik Tasimacilik Ve Ticaret A.S.,1
Jet Linx Aviation,3
Jet Time,7
Jet2,63
Jet2 Holidays,26
JetBlue Airways,102
JetSMART,17
JetSMART Argentina,6
Jetairfly,4
Jetfly Aviation,1
Jetstar Airways,35
Jetstar Japan,14
JetsuiteX,3
Jettime,6
Jiangsu Runyang General Aviation,1
Jiangxi Air,4
Jiangxi Express,1
Jiaolong General Aviation,1
Jin Air,21
Jindal Steel,1
Joe Gibbs Racing,1
John Naisbitt University,1
Joon,2
Jordan - Government,1
Jordan Aviation,1
Ju-Air,1
Jubba Airways,1
Jumbo Stay-Stockholm,1
Juneyao Airlines,46
Jung Sky,2
K-Mile Air,2
K-Mile Asia,1
K2 Airways Cargo,1
K5 Aviation,1
K5-Aviation,1
KD Avia,1
KIWI International Airlines,1
KLM - Royal Dutch Airlines,146
KLM - Royal Dutch Airlines Cargo,4
KLM Asia,11
KLM Cityhopper,57
KM Malta Airlines,12
KTHY - Kibris Turk Hava Yollari / Cyprus Turkish Airlines,1
Kabo Air,1
Kabo Air Cargo,1
Kaiser Air,2
Kalitta Air,52
Kalitta Charters,2
Kalitta Charters II,4
Kam Air,2
Kamov Design Bureau,1
Kamov Helicopters,1
Kansai Television,1
Kar-Air,1
Kargo Xpress,1
Katekavia,5
Kazairjet,1
Kazakhstan - Government,1
Kazakhstan Airlines,2
Kazakhstan Government,2
Keenair Charter,1
Kel Air,1
Kelowna Flightcraft Air Charter,1
Kenmore Air,4
Kenn Borek Air,1
Kenya Airways,4
Kenya Airways Cargo,1
Key Lime Air,3
Kingdom Entertainment,2
Kingdom of Saudi Arabia,3
Kingfisher Airlines,1
Kish Air,2
KlasJet,1
Kobe City Fire Brigade,1
Kochi Fire Fighting Disaster Prevention Air Corps,1
Kolavia,1
Konvers Avia,1
Konvers-Avia,2
Korea Forest Service,13
Korea National Police Agency,1
Korean Air,194
Korean Air Cargo,26
Korean Air Lines,1
Kostroma Air Enterprise,1
Kostroma Enterprise,2
Kras Air,3
KrasAvia,9
Kuehne+Nagel,6
Kulula,3
Kunming Airlines,7
Kunz GmbH aircraft equipment,2
Kuwait Airways,31
Kyoritsu Air Survey,2
Kyrgyzstan - Government,2
Kyrgyzstan Government,1
LAC - Lineas Aereas del Caribe Colombia,1
LADE - Lineas Aereas Del Estado,1
LAM - Linhas Aereas de Mocambique,1
LAMIA - Linea Aerea Meridena Internacional de Aviacion,1
LAN Airlines,3
LAN Argentina,1
LAN Chile,1
LAN Chile Cargo,1
LAPA Lineas Aereas,6
LAPA VIP,2
LATAM,50
LATAM Airlines,19
LATAM Airlines Brasil,3
LATAM Brasil,3
LATAM Cargo,22
LATAM Cargo Brasil,3
LATAM Chile,9
LATAM Ecuador,1
LEAV Aviation,5
LIAT,2
LOT - Polish Airlines / Polskie Linie Lotnicze,92
LOT Flight Academy,2
LRI - Flight Inspection,1
LTU - Lufttransport-Unternehmen,4
La Compagnie,14
Lagorair,1
Laker Airways,1
Landspace,1
Lao Airlines,3
Laser Airlines,2
Latam Airlines Colombia,1
Lauda Air,4
Lauda Europe,21
LaudaMotion,2
Legend Airways,1
Leisure Air,2
Leisure International Airways,1
Leonardo Helicopters Spa,1
Les Ailes Cognacaises,1
Leszczynski Osrodek Lotniczy,1
Letajici Cirkus,1
Level,10
Liat20,1
Libya - Government,1
Libyan Airlines,1
Libyan Arab Airlines,2
Libyan Express,1
Lider Taxi Aereo,3
LifeSaver,1
Lift,1
Lightship group,1
Lina Congo,1
Lineas Aereas Paraguayas,2
Lineas Aereas Suramericanas,1
Linjeflyg,4
Lion Air ( Batik Air Malaysia),1
Lion Airlines,7
Lions Air Group,2
Lithuanian Airlines,2
Livingston,1
Lloyd Aereo Boliviano - LAB,2
Lloyd Aereo Boliviano - LAB Cargo,1
Lockheed Martin,1
Loftleidir - Icelandic Airlines,3
Loganair,11
Lokotrans servis Brno,1
London Air Ambulance,2
London European Airways,1
London Executive Aviation,1
Longjiang Airlines,4
Longyun General Aviation,1
Loongair,36
Lucky Air,12
Luftfahrtverein Mainz,1
Lufthansa,446
Lufthansa Cargo,14
Lufthansa City,31
Lufthansa City Airlines,7
Lufthansa CityLine,5
Lufthansa Express,1
Lufthansa Italia,2
Lufthansa Regional,16
Luftrettung - Bundesministerium des Innern,4
Luminair,1
Luxair,52
Luxaviation,4
Luxembourg Armed Forces,1
Luxwing,7
Lynden Air Cargo,1
M.A.P.A.,1
MA Global - Mission Alliance Global,1
MANDARIN AIR,1
MASWings,1
MASkargo,1
MAT - Macedonian Airlines,1
MB Flight Services,1
MChS Rossii - Russia Ministry for Emergency Situations,9
MEA - Middle East Airlines,2
MG Flyers Luftfahrerschule,1
MHS Aviation,1
MIAT Mongolian Airlines,10
MJets Air,2
MMC Air Ambulance,1
MNG Airlines,4
MNG Airlines Cargo,14
MSC Air Cargo,8
MSC Air Cargo (Atlas Air),4
MVD Rossii - Ministry of Internal Affairs,2
Maersk Air,3
Maersk Air Cargo,3
Magma,6
Magnicharters,3
Mahan Air,17
Mainichi,1
Mainichi Press,1
Malaysia - Coast Guard,1
Malaysia Airlines,71
Malev - Hungarian Airlines,13
Malev Aero Club,1
Malindo Air,1
Malmo Aviation,2
Malta Air,16
Malta MedAir,1
Manaus Aerotaxi,2
Mandarin Airlines,21
Manx Airlines,1
Marabu Airlines,9
Marabu Airlines (European Air Charter),1
Marmara Airlines,1
Maroomba Airlines,2
Martin's Air Charter,1
Martinair,2
Martinair Cargo,2
Martinair Holland,1
Mas Air Cargo,7
Mauritania Airlines,1
Mauritius - Police Force,1
Mavi Gok Aviation - MGA,6
Max Air,1
Maximus Air Cargo,3
McNeely Charter Service,1
Mecklenburgischer Motorflugclub,4
MedSky Airways,4
Mega Maldives Airlines,1
Meraj Air,2
Meridiana,3
Mesa Pilot Development,5
Mesk Air,4
Messerschmitt Stiftung,1
Meta Aviotransport Macedonia,1
Metrea,2
Metrea Strategic Mobility,1
Metro Aviation,1
Metropolitan Police Department,1
Mexicana,2
Mexico - Government,1
Middle East Airlines - MEA,11
Midwest Express Airlines,1
Mie Disaster Prevention Air Corps,1
Milford Sound Flights,4
Mineral Airways,1
Minnesota State Patrol,1
Minnesota state university mankato,1
Minres Air,1
Mission Aviation Fellowship - MAF,1
Missionary Air Group,1
Miyazaki Disaster Prevention Emergency Air Corps,1
Modern Air,1
Mokulele Airlines,2
Moldavian Airlines,1
Monarch Airlines,7
Morris Air,5
Moscow Aviation Centre,14
Moscow Aviation Institute - MAI,3
Motor Sich,1
Mount Cook Line,1
My Freighter,13
My Indo Airlines,2
MyTravel Airways,1
Myair,2
Myanmar Airways International - MAI,1
Myway Airlines,2
N-Jet,1
NAC - National Airways Corporation,1
NAC Helicopters,1
NAM Air,1
NASA,32
NCA - New Central Airservice,1
NFD - Nurnberger Flugdienst,1
NHC - Northern Helicopter,1
NHV - Noordzee Helikopters Vlaanderen,3
NOAA,3
NSSA - National Medevac Service,2
NSW Rural Fire Service,2
NTC Aviation,1
Nacional Transportes Aereos,1
Nagoya City Fire Department Air Corps,1
Nakanihon Air Service,7
Nas Air,1
National 119 Rescue Headquarters,1
National Aerospace Laboratory - NAL,1
National Airlines,33
National Aviation,1
National Fire Agency of South Korea,1
National Helicopter Services,1
National Jet Express,1
National Research Council Canada,1
Nauru Airlines,1
Nautilus Aviation,1
Neos,10
Nesma Airlines,13
Nesu Air,1
Net Jets,4
NetJets,15
NetJets Europe,5
Netcare 911,2
Netherlands - Air Force,2
Netherlands Government,2
Network Aviation,10
Nevada Division of Forestry,1
New England Patriots,6
New York State Police,1
New Zealand Warbirds,1
NewCAG Air academy,1
Nexus Airlines,3
Nicklaus Children's Hospital - LifeFlight,1
Niger - Air Force,1
Niger - Government,1
Nigeria Airways,1
Nihon Flight Safety - NFS,1
Niki,2
Nile Air,8
Nippon Cargo Airlines - NCA,18
Nishi Nippon AirLine,1
Noble Air,1
Noble Wings,1
Nobre Skydive,1
Nok Air,9
Nolinor Aviation,3
Noordzee Helikopters Vlaanderen,2
Nordair,1
Nordeste Linhas Aereas,3
Nordwind Airlines,6
Norse Atlantic Airways,3
Norse Atlantic Airways UK,1
Nortavia,2
North Central Airlines,1
North Flying,2
North Star Air,1
North-Western Cargo,1
North-Wright Airways,1
Northern Air,1
Northern Air Cargo - NAC,2
Northern Helicopters,1
Northrop Grumman,1
Northwest Airlines,20
Northwest Airlines Cargo,1
Northwest Flyers,1
Northwest Orient Airlines,4
Northwest Territorial,1
Norwegian Air Shuttle,54
Norwegian Air Sweden,51
Norwegian Air UK,2
Nouvelair Tunisie,5
Novair,1
OFD - Ostfriesischer-Flug-Dienst,2
OK Air,5
OLT - Ostfriesische Lufttransport,7
OTT Airlines,4
Odette Airways,1
Ohana by Hawaiian,3
Okayama Air Service,1
Olympic,30
Olympic Airways,1
Oman Air,26
Oman Royal Flight,1
Omarsa,1
Omega Tanker,1
Omni Air International - OAI,6
Omni Aviacao e Tecnologia,1
Omni Taxi Aereo,5
One Air,12
Oneclick,1
Oneworld,62
Onur Air,27
OpenSkies,3
Orbest Orizonia,1
Orbi - Georgian Airways,1
Orbis Flying Eye Hospital,1
Orel Avia,1
Orient Thai Airlines,2
Oriental Air Bridge,1
Orion,1
Orlando Flight School,1
Outback Aviation,1
Overseas National Airways - ONA,1
Ozrunways Pty Ltd,1
P.P. Porty Lotnicze,1
PAL Airlines,1
PAL Express,2
PANH Helicopters,1
PAWA Dominicana,1
PDG Helicopters,1
PGA - Portugalia Airlines,2
PHI Aviation,1
PLAY,3
PNG Air,1
PRIVATE,8
PTL Luftfahrtunternehmen,2
Pacific Airlines,1
Pacific Western Airlines,2
Pakistan Airports Authority,1
Pakistan International Airlines - PIA,9
Palau International Traders,1
Pan Adria,1
Pan Aero Servisi,2
Pan Am Clipper Connection,1
Pan Am World Airways - PAWA Dominicana,1
Pan American Airways - Pan Am,1
Pan American World Airways - Pan Am,9
Pantanal Linhas Aereas,1
Paraclub Namur,1
Parata Air,12
Paravan,1
Parsair,1
Partnair,2
Passaredo Transportes Aereos,1
Patriots Jet Team,4
Patrouille REVA,1
Patrouille Tranchant,1
Pattaya Airways,1
Paul Bennet Airshows,2
Paul Bennett Aviation,4
Pay's Aviation,1
Peach Aviation,27
Pegas Touristik,1
Pegasus Airlines,82
Pegasus Aviation,1
Pelangi Airways,1
Pelita Air Service,8
Penn State Hershey - Life Lion,1
Penta,1
People's,1
People's Viennaline,2
Peru - Air Force,1
Peters Aviation,1
Philippine Airlines,29
Philippines AirAsia,1
Phuket Air,1
Piedmont Airlines,1
Pilatus,2
Pilatus Aircraft,1
Pink Aviation Services,1
Piquiatuba Taxi Aéreo,1
Pizzaria Aviao,1
Planet Airways,1
Platinum,1
Platoon Aviation,6
Pluna,2
Plus Ultra Líneas Aéreas,10
Pobeda Airlines,21
Point Air,1
Poland - Air Force,2
Polet Airlines,1
Policia Militar do Distrito Federal,1
Policia Rodoviaria Federal - PRF,1
Polish Medical Air Rescue / Lotnicze Pogotowie Ratunkowe,1
Polizei,6
Polnippon Cargo,2
Porter Airlines,19
Portugal - Air Force,1
Poste Air Cargo,6
Pratt & Whitney,1
Pratt & Whitney Canada,6
Precision Helicopters,1
Premiair,1
Prescott Support,1
Prime Air,6
Prince Aviation,2
PrivatAir,3
Private Jet Center,1
Private Owner,2
Private Wings,9
Privilege Style,10
Professional Aviation Academy,1
Pronair Airlines,1
Propair,2
Provincia Autonoma di Trento,1
Provincial Airlines,1
Puerto Rico - Police,1
Pulkovo Airlines,1
Pura Wisata Baruna,1
QYON Aero Sports,1
Qanot Sharq,5
Qantas,179
Qantas Freight,4
QantasLink,26
QantasLink (Alliance Airlines) [All],2
Qatar Airways,128
Qatar Airways Cargo,31
Qatar Amiri Flight,2
Qatar Executive,6
Qeshm Air,1
Qingdao Airlines,6
Qingdao Helicopter,1
Quality Fly,2
Quebec - Government,1
RAAF 100 Squadron,2
RAC - Ryukyu Air Commuter,1
RAF-Avia Airlines,4
RAVN,1
REGA - Swiss Air Ambulance,9
REX - Regional Express,7
RLB Holdings Transportation LLC,1
RMF - Rhein-Mosel-Flug,7
RMIT - Royal Melbourne Institute Of Technology,1
ROM Cargo Airlines,3
ROTAK Helicopter Services,1
RSK MiG,1
RTE Réseau Transport Electricité,1
RWL - German Flight Academy,1
RWL German Flight Academy,1
Rada Airlines,1
Raglan Mine,1
Raglan-Glencore Group,1
Rainier Flight Service,3
Ravn Alaska,1
Raya Airways,9
Red Bull,8
Red Sea Airlines,3
Red Star Aviation,2
Red Wings,5
Redex Air,2
Redstar Aviation,2
Regal Air,1
Regency Air,1
Regional Airlines,1
Regional Development Bureau,1
Reignwood Aviation Group,1
Renegade Air,1
Reno Air,1
Republic Airlines,2
Republic of Bulgaria,1
Republic of Ghana,2
Republic of Namibia,1
Republic of Poland / Rzeczpospolita Polska,2
Republik Indonesia,1
Republique Gabonaise,1
Republique du Senegal,1
Republique du Zaire,1
Rhein Main Aviation (RMA),3
RheinMain Flightcenter,4
Rico Taxi Aereo,1
Rio-Sul,2
Riyadh Air,5
Rocket Air Ambulance,1
Rolls Royce,1
Rolls-Royce,2
Roscosmos,2
Rosneft,3
Rosneft (Art Avia),1
Rossiya - Russian Airlines,49
Rossiya - Special Flight Squadron,1
Rossouyzspas,1
Rossoyuzspas,1
Rotorflug,10
Rotorsun,1
Royal Aero Para Club de Spa,1
Royal Air Force - Falcons Parachute Display Team,1
Royal Air Maroc,4
Royal Air Maroc - RAM,39
Royal Air Maroc Express,2
Royal Antwerp Aviation Club,1
Royal Brunei Airlines,4
Royal Flight,3
Royal Flying Doctor Service,1
Royal Flying Doctor Service of Australia,2
Royal Jordanian Airline,41
Royal Jordanian Airline Cargo,6
Royal Nepal Airlines,1
Royal Netherlands Air Force Historical Flight,1
Ruby Star,1
Ruili Airlines,11
RusJet,1
RusLine,5
Russia - Air Force,3
Russia - DOSAAF,3
Russia - Government,1
Russia Special Detachment,1
Russia State Transport Company,11
Russian Helicopters,2
Rutaca,1
RwandAir,2
Ryan International Airlines,1
Ryanair,351
Ryanair Sun,2
Ryanair UK,4
S7 - Siberia Airlines,21
SA Airlink,1
SAMU,1
SAPSE  (Servicios Aéreos Patagónicos S.E. - Alas Rionegrinas),1
SAS Connect,9
SAS Link,2
SATA - SA de Transport Aerien,1
SATA Air Acores,2
SATA International,1
SCAT,1
SCAT Air,7
SCAT Airlines,2
SEAZEN,1
SEAir International,1
SENMA Líneas Aéreas,1
SF Airlines,43
STAIR,1
STARS - Shock Trauma Air Rescue Society,1
SXM Airways,3
Sabena,7
Sabre Airways,1
Safair,2
Safarilink,2
Safomar Aviation Operations,2
Saha Airlines Cargo,1
Sally B Preservation Ltd.,1
Samaritan's Purse,3
San Bernardino County Sheriff,1
San Marino Executive Aviation,1
Sansa Airlines,2
Saturn Airways,2
Saudi Arabian Airlines,14
Saudi Arabian Airlines Cargo,2
Saudi Arabian Cargo,2
Saudi Aramco Aviation,3
Saudia - Saudi Arabian Airlines,41
Saudia - Saudi Arabian Airlines Air Cargo,1
Saudia - Saudi Arabian Airlines Cargo,13
Saudia-Saudi Arabian Airlines Cargo(ASL Airlines Ireland),2
Savoie Helicoptere,1
Sayakhat Airlines,1
Scan Bee,1
Scandinavian Airlines (Braathens Regional),3
Scandinavian Airlines - SAS,162
Scandinavian Commuter - SAS,2
Schutt Aviation,1
Scoot,52
Scottish Fisheries Protection Agency,1
SeaPort Airlines,1
Seaboard World Airlines,1
Seair Seaplanes,1
Seaworld Helicopters,1
Sejin Aviation,1
Seminole Hard Rock,1
Senegal - Government,1
Seoul Metropolitan Fire & Disaster Management Department,1
Sepehran Airlines,1
Serbia - Government,3
Serbia - Police,1
Serve Air Cargo,1
Servicio de Urgencias Canario,1
Servicios Aereos Puerto Montt,1
Servicios Aéreos Costa Cálida,1
Seven Air,2
Severstal Aircompany,1
Seychelles International,1
ShanDong General Aviation,1
Shandong Airlines - SDA,20
Shandong Airlines Cargo,1
Shandong Zhongxiang General Aviation,1
Shanghai Airlines,28
Sheikh Kamal Adham,1
Shenghong Group,1
Shenzhen Airlines,43
Shin Nihon Helicopter,4
Shizuoka Air Commuter - SACC,4
Siam Scenic,1
Sichuan Airlines,68
Sichuan Airlines Cargo,7
Sichuan Logistics,2
Sichuan Tuofeng General Avation,1
Sichuan Tuofeng General Aviation,1
Sicotra Aviation,1
Sideral Air Cargo,2
Sideral Linhas Aéreas,1
Siem Reap Airways,1
Sierra Charlie Aviation,2
Sierra Pacific Airlines,2
Sierra West Airlines,1
Silesia Air,2
Silk Way Airlines,10
Silk Way West Airlines,17
Siller Helicopters,1
Silver Airways,1
Silver Aviation,2
Silver Cloud Air,1
Simba Air Cargo,1
Singapore Airlines,144
Singapore Airlines Cargo,11
Skechers,1
Sky Airline,10
Sky Airlines,1
Sky Alps,1
Sky Angkor Airlines,5
Sky Dreamwalker VI,1
Sky Express,15
Sky High Aviation Services,2
Sky Lease Cargo,7
Sky News,1
Sky Prime,1
Sky Taxi,1
Sky Vision,1
Sky Vision Airlines,1
Sky Wings,1
SkyAlps,6
SkyGuard,1
SkyTeam,26
SkyUp Airlines,8
SkyUp Europe,1
SkyWest Airlines,5
SkyWest Charter,2
Skydive Arizona,6
Skydive Puebla,1
Skyfirst,1
Skyfree Ltd,1
Skyline Aviation,2
Skyline Express Airline,8
Skymark Airlines,29
Skyservice Airlines,2
Skyservice Business Aviation,1
Skyways,1
Skyways Cargo Airline,1
Skywings Flight Training,2
Skyworld Airlines,1
Slate Global,1
Slave Lake Helicopters,1
Sling Pilot Academy,2
Sloane Helicopters,1
Slovak Government Flying Service,1
Slovakia - Air Force,1
Slovakia - Government,3
Slovenia - Air Force,1
Slovenia - Civil Protection,2
Smart Aero Service,2
Smart Wings,15
SmartWings,1
Smartavia,4
Smartwings (Czech Airlines CSA),2
SmuuthCare,1
Snowflake,1
Sociedad Estatal de Salvamento y Seguridad Maritima,1
Societa Aerea Mediterranea - SAM,2
Sola Air,1
Sola Air (Nyx Air),1
Solairus Aviation,1
Solaseed Air,21
Solenta Aviation,1
Solidaire,1
Solitair,1
Solomons - Solomon Airlines,1
Soloy Helicopters,1
Somon Air,4
Sounds Air,3
South African Airways,7
South African Airways Historic Flight,2
South African Express,1
South Air,1
South Korea - Air Force,3
South Korea - Busan Special Rescue Service,1
South Korea - Forest Service,4
South Korea - Gangwon Special Rescue Service,1
Southern Air,1
Southern Air Transport,3
Southern Airways Express,3
Southern Alpine Air,1
Southern International Air Transport,1
Southern International Cargo,1
Southern Winds,10
Southwest Airlines,350
Southwind Airlines,5
Soviet Union - Polyarnaya aviatcia,1
SpaceBee Airlines,1
Spain - Air Force,4
Spain - Army,1
Spain - Civil Aviation Authority,1
Spain - Guardia Civil,2
Spanair,13
Spantax,4
Specialist Aviation Services,1
Speedwings Executive Jet,1
SpiceJet,6
SpiceJet (Smart Wings),1
Spirit Airlines,90
Spring Airlines,32
Spring Airlines Japan,2
Springbok Classic Air,1
Sprint Air,2
SprintAir,1
SriLankan Airlines,12
St. Barth Commuter,3
St. Maarten Airways,1
Star Air,7
Star Airlines,1
Star Alliance,154
Star Alliance (LOT - Polish Airlines),1
Star Aviation,1
Star East Airlines,1
Star Peru,1
StarFlyer,16
Starlite Aviation,1
Starlux,1
Starlux Airlines,43
State of Kuwait,3
State of Qatar,2
Stellair,1
Stellar,1
Sterling Airlines,4
Stratolaunch,1
Strawberry,1
Sultan Air,2
Suma Air,1
Summit Air,4
Sun Country Airlines,24
Sun Express,1
Sun PhuQuoc Airways,10
Sun d'Or International Airlines,4
Sun-Air of Scandinavia,2
SunExpress,96
Sunclass Airlines,13
Sundair,8
Sunday Airlines,3
Sundt Air,1
Sunrise Airways,1
Sunrise Airways (Global X),3
Sunweb,1
Sunwing Airlines,5
Suparna Airlines,17
Super Air Jet,4
Supernova Airlines,2
Surinam Airways,2
Suzhou Tianhai General Aviation,1
Svenskt Ambulansflyg,1
Swedish Air Force Historic Flight,1
Swiftair,21
Swiftair Cargo,1
Swiftair Hellas,1
Swiss,3
Swiss Helicopter,3
Swiss International Air Lines,121
Swissair,7
Swissheli,1
Switzerland - Air Force,1
Swoop,6
Sylt Air,1
Syrian Air,2
T'way Air,39
TAAG Angola Airlines,5
TACA,2
TACV Cabo Verde Airlines,3
TAE - Trabajos Aereos y Enlaces,1
TAESA,1
TAG Airlines,1
TAG Transportes Aéreos De Guatemala,7
TAM,7
TAN- Transportes Aereos Nacionales,1
TAP - Transportes Aereos Portugueses,2
TAP Air Portugal,75
TAP Air Portugal Express,3
TAP Express,3
TAP Portugal,2
TAP Portugal Express,8
TAPSA - Transportes Aereos Petroleros,1
TAT - Touraine Air Transport,2
TCS World Travel,2
TEA - Trans European Airways Switzerland,1
TELEDYNE FLIR,1
TNT,6
TOUCHDOWN HELICOPTERS PTY LIMITED,1
TRAC Flight Training,1
TRIP Linhas Aereas,4
TUI,97
TUI Airlines Belgium,5
TUI Airlines Nederland,3
TUI Airlines Netherlands,1
TUI Airways,5
TUIfly,19
TUIfly Nordic,3
TVPX Trust Services,1
Tag Aviation,1
Tailwind Airlines,1
Taiwan - National Airborne Service Corps,2
Taiwan Civil Aviation Administration,1
Tampa Colombia,3
Tarom,15
Tatarstan Airlines,1
Taupos Floatplane,1
Taxi Aereo,1
Team Lufthansa,1
Team Raven,13
Tecnam Flight Academy,1
Teleport (AirAsia),2
Temple MedFlight,1
Temsco Helicopters,3
Terna,1
Terna Group,1
Terra Avia,1
Tesis,1
Texas International Airlines,1
Texel Air,1
Textron Aviation Inc.,1
TezJet Air Company,2
Thai AirAsia,45
Thai AirAsia X,4
Thai AirAsiaX,9
Thai Airways,9
Thai Airways International,100
Thai Lion Air,12
Thai Lion Airlines,1
Thai Smile,2
Thai VietJet Air,19
Thailand - Air Force,3
Thales,1
The Australian Traffic Network,1
The Flying Bulls Aerobatics Team,1
The Helicopter Line,1
The SKY,1
The Tiger Club,1
The Wing Walk Company,1
Thomas Cook Airlines,6
Thomas Cook Airlines Scandinavia,1
Thomson Airways,1
Thomsonfly,1
Tianjin Air Cargo,3
Tianjin Airlines,16
Tibet Airlines,15
Tiger Airways,1
Tigerair,1
Tigerair Taiwan,9
Titan Airways,4
Titan Aviation,1
Toho Air Service,3
Tohoku Air Service,1
Toki Air,5
Tokyo Fire Department,4
Tokyo Syobo-Cho,1
Toll Aviation,1
Top Aces,3
Top Gun Voltige,1
Total Linhas Aereas,1
Total Linhas Aereas Cargo,2
Toyo Aviation,2
Trade Air,4
Tradewinds Airlines,1
Tradewinds Aviation,1
Trafico - Ministerio del Interior,1
Trans Air Cargo Service,2
Trans Anguilla Airways,1
Trans Atlantic Airlines,1
Trans Australia Airlines - TAA,2
Trans Continental Airlines,2
Trans Global Vacations,1
Trans International Airlines - TIA,2
Trans Mediterranean Airways - TMA,1
Trans Sahel Airlines,1
Trans World Airlines - TWA,23
Trans-Canada Air Lines - TCA,1
TransAer International Airlines,1
TransAsia Airways,1
TransBrasil,2
TransCarga,1
TransHeli,3
TransNusa,4
TransNusa Air Services,5
Transaero,1
Transaero Airlines,7
Transair International,1
Transair Sweden,1
Transamerica Airlines,1
Transavia,3
Transavia Airlines,79
Transavia France,55
Transavia Holland,1
Translift Airways,1
Transport Aerien Centrafricain - TAC,1
Travel Service,5
Travelcoup,3
Triangle Airline,1
Tropic Air,1
Tropic Ocean,1
Tropical Airways,1
Trustair,1
Tunisair,20
Turin Flying School,1
Turkey - Government,4
Turkish Airlines,295
Turkish Airlines Cargo,18
Turkish Airlines THY,1
Turkish Cargo,2
Turkmenistan Airlines,12
Turukhan,2
Tus Airways,3
Tway Air,2
Twin Jet,3
Twinjet,1
Tyrol Air Ambulance,1
Tyrolean Airways,1
UI Helijet,1
UK - Air Force,10
UK - Navy,1
ULS Cargo,16
UNI Air,6
UNICAIR,5
UR Airlines,1
US Airways,8
US Customs & Border Protection,3
US Department of Homeland Security,1
US-Bangla Airlines,3
USA - Air Force,12
USA - Coast Guard,2
USA - Navy,2
USA Jet Airlines,1
USAir,5
USAir Express,1
USAir Shuttle,1
UTA - Union de Transports Aeriens,2
UTair,1
UTair  Aviation,1
UTair Aviation,26
UTair Cargo,1
UVT Aero,5
Uep! Fly,1
Uganda - Government,1
Uganda Airlines,2
Ukraine - Government,5
Ukraine - State Emergency Service,1
Ukraine International Airlines - UIA,2
Ukrainian Cargo Airways,2
Ultimate JetCharters,1
Unifly,1
Unifly Express,1
United Aero,1
United Aero Helicopters,1
United Air Lines,4
United Airlines,473
United Arab Emirates,5
United Arab Emirates - Air Force,2
United Aviate Academy,10
United Expres,3
United Express,83
United Nations Humanitarian Air Service,1
United Nigeria Airline,1
United Parcel Service - UPS,103
United Republic of Tanzania,1
United States Department Of Energy,1
Unitled,1
Universal Air,4
Universal Sky Carrier (USC),5
University of Cincinnati - Health Air Care,1
University of New South Wales,1
University of North Dakota,1
Uniworld Air Cargo,1
Unknown,2
Untilited,1
Untitled,5090
Untitled (ASL - Air Service Liege),1
Untitled (Air Alsie),1
Untitled (AirSial),1
Untitled (Avelo Airlines),1
Untitled (Chorus Aviation),2
Untitled (Ethiopian Cargo),1
Untitled (European Air Charter),1
Untitled (Flexjet),2
Untitled (Gryphon Air),1
Untitled (HelloJets),3
Untitled (Jetfly),2
Untitled (Pan Europeenne Air Service),1
Untitled (Regional One),1
Untitled (Singapore Airlines),1
Untitled (Starfighters Aerospace),1
Untitled (Tyrolean Jet Services Malta),1
Untitled (Uniworld Air Cargo),1
Untitled (Yokota Aero Flight Club),2
Untittled,1
Ural Airlines,6
Urumqi Air,4
Utitled,1
Uzbekistan - Government,3
Uzbekistan Airways,22
Uzbekistan Airways Cargo,2
Uzbekistan Airways Express,5
VASP,4
VASPEX,1
VAST,1
VCU - Vliegclub Ursel,1
VFW-Fokker,1
VHM Schul- und Charterflug,1
VI Airlink,1
VIH Helicopters,1
VIM Airlines,1
VIPAir,1
VRP - Voos Rio Panorâmico,1
Valujet,1
Varesh Airlines,1
Varig,4
Varig Log,1
Vega Airlines,2
Ventum Air,1
Venus Airlines,1
Victoria Police,1
VietJet Air,33
VietJet Thailand,2
Vietjet Qazaqstan,1
Vietnam Air Services - VASCO,1
Vietnam Airlines,41
Vietnam Helicopters,1
Vietravel Airlines,4
Vikeman Cia. Ltda.,1
Viking Construction,1
Vineste LLC,1
Virgin America,6
Virgin Atlantic Airways,63
Virgin Australia Airlines,41
Virgin Australia Regional Airlines,4
Virgin Blue Airlines,1
Virgin Express,1
Virgin Nigeria Airways,1
Virgin Sun,1
Vision Air,1
Vista America,1
VistaJet,38
VistaJet Malta,3
Vistara,22
VivaAerobus,32
Vladimirskaya aviabaza,1
Vladivostok Air,1
Vliegclub Hoogeveen,1
Vliegclub Rotterdam,1
VoePass,1
Volar Helicopters,1
Volare Aircompany,1
Volaris,44
Volaris El Salvador,7
Volga-Dnepr Airlines,5
Volo Airways,2
Vologda Air Enterprise,1
Volotea,35
Voyageur Airways,1
Vueling Airlines,216
Vulkan Air,6
WDL Aviation,3
WFP - United Nations World Food Program,1
WOW Air,1
WSB TV Atlanta,1
Wales Air Ambulance,1
Wamos Air,10
Wanaka Helicopters,2
Wardair Canada,1
Warsaw Cargo,2
Wataniya Airways,1
WaterWings Seaplanes,1
WeFly! Team,6
Wellstar Air Care,1
West Air,5
West Atlantic,4
West Coast Helicopters,1
West Pacific Flight Academy,1
WestJet,43
WestJet Cargo,1
Western Air,1
Western Air Express,1
Western Airlines,3
Western Global Airlines,11
Western Pacific Airlines,1
Westflug Aachen,2
Westpac Rescue,1
Weststar Aviation,2
Wheels Up,1
White Desert,1
White Eagle Aviation - WEA,4
White Oak Aviation,1
Wideroe,10
Wiking Helikopter Service,1
WinAir,7
Windjet,2
Windward Express,1
Wings Air,1
Wings Airways,1
Wings and Water (Te Anau) Ltd,1
Wings to Fly,2
Wirtschaftsflug,1
Wizz Air,101
Wizz Air Abu Dhabi,3
Wizz Air Malta,129
Wizz Air UK,4
Woori Air,1
World Airways,6
World Airways Cargo,2
World Atlantic,2
World Atlantic Airlines,2
World Atlantic Airways,1
World2fly,4
Wrightsair Pty Ltd,2
XP - Express Parcel Systems,1
XP Services,2
Xcalibur Smart Mapping,1
Xiamen Airlines,39
Xihua General Airlines,1
Xtreme Skydive,1
YTO Cargo Airlines,1
Yakitalia,1
Yakutia Airlines,1
Yamal Airlines,11
Yamato Transport,8
Yemenia - Yemen Airways,2
Yer-Avia,1
Yomiuri Shinbun,1
Young Cargo,1
Yugoslavia - Air Force,1
Yun Express (Atlas Air),3
ZAir,1
ZIPAIR Tokyo,5
ZTO Express,4
Zambia Airways,1
Zelazny Aerobatic Team,1
Zimex Aviation,1
Zip Air,7
Zoom Airlines,1
Zyb Lily Jet,3
airHaifa,3
fastjet Zimbabwe,2
interCaribbean,1
populAir,2
