Model,Image Count
(CL-600-2D24),1
172RG Cutlass RG,1
172S Skyhawk SP,2
737-8 MAX,3
737-8AS (WL),2
737-8FE(BDSF)(WL),1
737-8GP,2
737-8K5,2
777-36N/ER(BDSF),13
777-36NER(SF),1
777-F,1
A321-271NY,1
A330-841,1
ATR ATR-72,1
ATR ATR-72-201,1
ATR ATR-72-201(F),5
ATR ATR-72-202,9
ATR ATR-72-202(F),5
ATR ATR-72-212,12
ATR ATR-72-212(F),1
ATR ATR-72-212A,6
ATR ATR-72-500 (ATR-72-212A),47
ATR ATR-72-500(F) (ATR-72-212A),9
ATR ATR-72-600 (ATR 72-212A),46
ATR ATR-72-600 (ATR-72-212A),83
ATR ATR-72-600 (ATR-72-215A),1
ATR ATR-72-600C (ATR-72-212A),2
ATR ATR-72-600F,1
ATR ATR-72-600TMPA (ASW),1
ATR-72-600 (ATR-72-212A),6
Airbus A220-300,163
Airbus A220-371,94
Airbus A319-111,169
Airbus A319-112,137
Airbus A319-113,2
Airbus A319-114,41
Airbus A319-115,22
Airbus A319-131,54
Airbus A319-132,84
Airbus A319-133,8
Airbus A319-153N,8
Airbus A319-153N ACJ,1
Airbus A320-...,1
Airbus A320-211,51
Airbus A320-212,33
Airbus A320-214,1116
Airbus A320-214(WL),26
Airbus A320-216,156
Airbus A320-231,16
Airbus A320-232,540
Airbus A320-232 (P2F),2
Airbus A320-232(WL),25
Airbus A320-233,37
Airbus A320-251N,601
Airbus A320-252N,42
Airbus A320-271N,329
Airbus A320-272N,15
Airbus A321-111,8
Airbus A321-112,3
Airbus A321-131,17
Airbus A321-211,222
Airbus A321-211(P2F),11
Airbus A321-211(PCF),6
Airbus A321-212,9
Airbus A321-213,10
Airbus A321-231,381
Airbus A321-231(P2F),17
Airbus A321-231(PCF),3
Airbus A321-232,10
Airbus A321-232(PCF),3
Airbus A321-251N,10
Airbus A321-251NX,354
Airbus A321-251NXLR,15
Airbus A321-252NX,62
Airbus A321-253N,7
Airbus A321-253NX,57
Airbus A321-253NY,9
Airbus A321-253NY XLR,6
Airbus A321-271N,35
Airbus A321-271NX,557
Airbus A321-271NXLR,9
Airbus A321-271NY,6
Airbus A321-271NY XLR,10
Airbus A321-272N,18
Airbus A321-272NX,31
Airbus A330 Voyager KC2 (A330-243MRTT),1
Airbus A330-200,2
Airbus A330-202,70
Airbus A330-202(P2F),5
Airbus A330-203,30
Airbus A330-223,39
Airbus A330-223F,6
Airbus A330-243,138
Airbus A330-243(P2F),34
Airbus A330-243F,51
Airbus A330-300,1
Airbus A330-300P2F,1
Airbus A330-301,1
Airbus A330-302,72
Airbus A330-302(P2F),9
Airbus A330-303,43
Airbus A330-321,2
Airbus A330-322,2
Airbus A330-323,67
Airbus A330-341,2
Airbus A330-342,5
Airbus A330-343,363
Airbus A330-343(P2F),23
Airbus A330-343P2F,19
Airbus A330-841N,3
Airbus A330-941,102
Airbus A330-941N,108
Airbus A340-311,6
Airbus A340-312,2
Airbus A340-313,76
Airbus A340-313X,7
Airbus A350-1041,152
Airbus A350-1041ULR,1
Airbus A350-900,8
Airbus A350-941,698
Airbus A350-941ACJ,3
Airbus A350-941ULR,1
Airbus A380-800,2
Airbus A380-841,84
Airbus A380-842,34
Airbus A380-861,118
Airbus ACJ319 (A319-113/CJ),2
Airbus ACJ319 (A319-115/CJ),9
Airbus ACJ319 (A319-133/CJ),9
Airbus ACJ319N (A319-153N/CJ),7
Airbus ACJ320 (A320-232/CJ),3
Airbus ACJ320N (A320-251N/CJ),3
Airbus ACJ321 (A321-211/CJ),1
Airbus ACJ330-243,1
Airbus CC-330 (A330-200),3
Boeing 737 MAX 8-200,18
Boeing 737- 76N,1
Boeing 737-301,1
Boeing 737-301(BDSF),1
Boeing 737-301(SF),2
Boeing 737-306,2
Boeing 737-31B(SF),2
Boeing 737-31S,7
Boeing 737-322,2
Boeing 737-329,1
Boeing 737-330,4
Boeing 737-330(SF),1
Boeing 737-33A,11
Boeing 737-33R,2
Boeing 737-33V,7
Boeing 737-33V(QC),1
Boeing 737-33V(SF),1
Boeing 737-341,2
Boeing 737-347,2
Boeing 737-348(QC),1
Boeing 737-34N,1
Boeing 737-35B,4
Boeing 737-36E(SF),1
Boeing 737-36N,4
Boeing 737-36N(SF),1
Boeing 737-36Q,4
Boeing 737-376(SF),1
Boeing 737-377,1
Boeing 737-37Q,1
Boeing 737-382,1
Boeing 737-39A,1
Boeing 737-3A4,1
Boeing 737-3B3(QC),1
Boeing 737-3B7,2
Boeing 737-3G7,3
Boeing 737-3H4,11
Boeing 737-3H6(SF),1
Boeing 737-3H9,3
Boeing 737-3K2,1
Boeing 737-3K9,1
Boeing 737-3L9,4
Boeing 737-3L9(QC),1
Boeing 737-3M8(QC),1
Boeing 737-3Q8,10
Boeing 737-3Q8(QC),1
Boeing 737-3T0,2
Boeing 737-3T5,2
Boeing 737-3Y0,3
Boeing 737-3Y0(F),2
Boeing 737-3Y5,1
Boeing 737-3Z0,1
Boeing 737-3Z9,1
Boeing 737-401,1
Boeing 737-405,2
Boeing 737-405(SF),1
Boeing 737-408,1
Boeing 737-429(SF),3
Boeing 737-42C,1
Boeing 737-42J(F),1
Boeing 737-430,5
Boeing 737-436,8
Boeing 737-436(SF),3
Boeing 737-43Q,1
Boeing 737-43Q(SF),3
Boeing 737-446,2
Boeing 737-45D,3
Boeing 737-45D(SF),1
Boeing 737-46B,1
Boeing 737-46J,1
Boeing 737-46Q (SF),2
Boeing 737-476(SF),2
Boeing 737-484,14
Boeing 737-48E,4
Boeing 737-48E(SF),1
Boeing 737-490(SF),6
Boeing 737-49R,1
Boeing 737-4B7,2
Boeing 737-4B7(SF),1
Boeing 737-4D7,1
Boeing 737-4D7(SF),1
Boeing 737-4H6,1
Boeing 737-4H6(SF),1
Boeing 737-4K5(SF),3
Boeing 737-4M0(BDSF),1
Boeing 737-4M0(SF),1
Boeing 737-4Q8,16
Boeing 737-4Q8(SF),4
Boeing 737-4S3,3
Boeing 737-4U3,1
Boeing 737-4Y0,9
Boeing 737-4Y0(SF),3
Boeing 737-7...,1
Boeing 737-700,5
Boeing 737-700(WL),3
Boeing 737-705,2
Boeing 737-71B,1
Boeing 737-724,7
Boeing 737-73A,1
Boeing 737-73T BBJ,1
Boeing 737-73V,4
Boeing 737-752,3
Boeing 737-75B,1
Boeing 737-75C,5
Boeing 737-75U BBJ,1
Boeing 737-760,1
Boeing 737-76J,2
Boeing 737-76J(WL),1
Boeing 737-76N(WL),4
Boeing 737-76Q,1
Boeing 737-77Z BBJ,2
Boeing 737-781,7
Boeing 737-783,5
Boeing 737-78J,2
Boeing 737-790,1
Boeing 737-79L,3
Boeing 737-79P,11
Boeing 737-79V BBJ,1
Boeing 737-7AK BBJ,1
Boeing 737-7AU BBJ,1
Boeing 737-7B6,1
Boeing 737-7BC BBJ,4
Boeing 737-7BD,14
Boeing 737-7BJ BBJ,3
Boeing 737-7C9,2
Boeing 737-7CJ BBJ,3
Boeing 737-7CT,13
Boeing 737-7CU BBJ,2
Boeing 737-7D6C,2
Boeing 737-7EI BBJ,1
Boeing 737-7EL BBJ,1
Boeing 737-7H4,90
Boeing 737-7HZ BBJ,1
Boeing 737-7JZ BBJ,1
Boeing 737-7K2,30
Boeing 737-7K5,4
Boeing 737-7L9,4
Boeing 737-7LY,1
Boeing 737-7M2,1
Boeing 737-7ME,1
Boeing 737-7Q8,11
Boeing 737-7V3,3
Boeing 737-7Z5 BBJ,2
Boeing 737-7ZH BBJ,1
Boeing 737-8 MAX,872
Boeing 737-8 MAX 200,136
Boeing 737-8 MAX BBJ,2
Boeing 737-8-200 MAX,10
Boeing 737-800,65
Boeing 737-804,2
Boeing 737-804(BCF）,2
Boeing 737-808,2
Boeing 737-808(BDSF),1
Boeing 737-808(BDSF)(WL),2
Boeing 737-808(SF)(WL),2
Boeing 737-809(SF/WL),1
Boeing 737-81B,10
Boeing 737-81B(BCF),1
Boeing 737-81D,11
Boeing 737-81M,4
Boeing 737-81Q,4
Boeing 737-81Z,3
Boeing 737-823,92
Boeing 737-824,29
Boeing 737-82R,16
Boeing 737-82R(WL),5
Boeing 737-82Y,1
Boeing 737-82Z BBJ2,1
Boeing 737-832,21
Boeing 737-838,82
Boeing 737-83N,9
Boeing 737-83N(BCF),3
Boeing 737-83Z,2
Boeing 737-846,37
Boeing 737-84P,54
Boeing 737-84P (BCF),1
Boeing 737-84P(BCF),4
Boeing 737-84R,2
Boeing 737-852,15
Boeing 737-85C,19
Boeing 737-85C(BCF),3
Boeing 737-85C(BCF)(WL),2
Boeing 737-85F,12
Boeing 737-85N,12
Boeing 737-85P,42
Boeing 737-85P(SF),1
Boeing 737-85P(WL),1
Boeing 737-85R,1
Boeing 737-85R(BCF)(WL),1
Boeing 737-85R(SF),1
Boeing 737-85R(WL),1
Boeing 737-866,9
Boeing 737-86D,4
Boeing 737-86J,40
Boeing 737-86J(SF),2
Boeing 737-86N,83
Boeing 737-86N (BCF),1
Boeing 737-86N(BCF),11
Boeing 737-86N(BCF)(WL),9
Boeing 737-86N(WL),3
Boeing 737-86Q,5
Boeing 737-86Q(SF)(WL),2
Boeing 737-86X,1
Boeing 737-87L,11
Boeing 737-881,42
Boeing 737-883,13
Boeing 737-883(BCF),3
Boeing 737-883(SF),1
Boeing 737-88L,4
Boeing 737-88V,1
Boeing 737-890,22
Boeing 737-89L,20
Boeing 737-89M,1
Boeing 737-89P,37
Boeing 737-89P(WL),1
Boeing 737-8AL,20
Boeing 737-8AL(WL),1
Boeing 737-8AS,212
Boeing 737-8AS(BCF),2
Boeing 737-8AS(BCF)(WL),2
Boeing 737-8AS(SF),1
Boeing 737-8AS(WL),31
Boeing 737-8B5,3
Boeing 737-8B6,12
Boeing 737-8BK,15
Boeing 737-8BK(BCF)(WL),2
Boeing 737-8C9,10
Boeing 737-8CT,16
Boeing 737-8CX,2
Boeing 737-8CX(SF),1
Boeing 737-8D6,10
Boeing 737-8D6(BCF),1
Boeing 737-8DC,1
Boeing 737-8EH,26
Boeing 737-8EH(BCF)(WL),1
Boeing 737-8EH(BCF）,1
Boeing 737-8EH(WL),2
Boeing 737-8EQ BBJ2,1
Boeing 737-8EX BBJ2,1
Boeing 737-8F2,85
Boeing 737-8F2(BCF)(WL),6
Boeing 737-8FE,15
Boeing 737-8FE(BDSF)(WL),1
Boeing 737-8FE(WL),4
Boeing 737-8FH,13
Boeing 737-8FH(BCF)(WL),2
Boeing 737-8FN,2
Boeing 737-8FZ,18
Boeing 737-8GJ,13
Boeing 737-8GP,15
Boeing 737-8GP(WL),1
Boeing 737-8GQ,3
Boeing 737-8H4,84
Boeing 737-8H6,28
Boeing 737-8HC,21
Boeing 737-8HG,1
Boeing 737-8HJ,1
Boeing 737-8HO,4
Boeing 737-8HX,14
Boeing 737-8JP,54
Boeing 737-8JP(WL),13
Boeing 737-8K2,54
Boeing 737-8K2(SF)(WL),1
Boeing 737-8K5,49
Boeing 737-8K5(WL),4
Boeing 737-8K5BCF,1
Boeing 737-8KF,1
Boeing 737-8KF(WL),2
Boeing 737-8KG,1
Boeing 737-8KN,18
Boeing 737-8KN(WL),2
Boeing 737-8KV,1
Boeing 737-8LD,2
Boeing 737-8LD(C)(WL),1
Boeing 737-8LJ,15
Boeing 737-8LP,2
Boeing 737-8LW,2
Boeing 737-8MA,1
Boeing 737-8MA(WL),6
Boeing 737-8MB,3
Boeing 737-8MC,2
Boeing 737-8ME,4
Boeing 737-8MG,14
Boeing 737-8Q3,8
Boeing 737-8Q8,39
Boeing 737-8Q8 (BCF),1
Boeing 737-8Q8(WL),4
Boeing 737-8S3,2
Boeing 737-8SA,7
Boeing 737-8SH,9
Boeing 737-8TV BBJ2,1
Boeing 737-8U3,9
Boeing 737-8U3(WL),2
Boeing 737-8V3,8
Boeing 737-8Z0,1
Boeing 737-8Z9,7
Boeing 737-8ZE (BBJ2),1
Boeing 737-8ZQ,1
Boeing 737-9 MAX,149
Boeing 737-900/ER,7
Boeing 737-91M/ER,3
Boeing 737-924,8
Boeing 737-924/ER,50
Boeing 737-932/ER,22
Boeing 737-94X/ER,3
Boeing 737-958/ER,1
Boeing 737-990/ER,24
Boeing 737-9B5,10
Boeing 737-9B5/ER,3
Boeing 737-9F2/ER,3
Boeing 737-9GJ/ER,1
Boeing 737-9GP/ER,21
Boeing 737-9K2,2
Boeing 737-9KF/ER,1
Boeing 737-9KV/ER,1
Boeing 747-406,3
Boeing 747-406F/ER/SCD,4
Boeing 747-406M,7
Boeing 747-409,8
Boeing 747-409(BDSF),4
Boeing 747-409F/SCD,47
Boeing 747-40BF/ER/SCD,2
Boeing 747-412,6
Boeing 747-412(BCF),6
Boeing 747-412(BDSF),2
Boeing 747-412F,4
Boeing 747-412F/SCD,19
Boeing 747-419,1
Boeing 747-419(BDSF),3
Boeing 747-41BF/SCD,6
Boeing 747-41R,1
Boeing 747-422,15
Boeing 747-428,2
Boeing 747-428(BCF),1
Boeing 747-428ERF,5
Boeing 747-428F/ER/SCD,13
Boeing 747-428M,1
Boeing 747-428M(BCF),6
Boeing 747-430,28
Boeing 747-430M,1
Boeing 747-433(BDSF),2
Boeing 747-433M(BDSF),1
Boeing 747-436,12
Boeing 747-437,1
Boeing 747-438,6
Boeing 747-438/ER,3
Boeing 747-443,7
Boeing 747-444(BCF),2
Boeing 747-446,13
Boeing 747-446(BCF),12
Boeing 747-446(BDSF),1
Boeing 747-446D,4
Boeing 747-446F/SCD,9
Boeing 747-44AF/SCD,11
Boeing 747-451,6
Boeing 747-45E(BDSF),8
Boeing 747-45EF/SCD,8
Boeing 747-45EM(BCF),1
Boeing 747-467,4
Boeing 747-467F/ER/SCD,8
Boeing 747-467F/SCD,1
Boeing 747-468,1
Boeing 747-46NF/ER/SCD,1
Boeing 747-46NF/SCD,8
Boeing 747-475,3
Boeing 747-47C,1
Boeing 747-47UF,5
Boeing 747-47UF/SCD,25
Boeing 747-481,5
Boeing 747-481(BCF),8
Boeing 747-481(BDSF),13
Boeing 747-481D,2
Boeing 747-481F(BDSF),1
Boeing 747-481F/SCD,7
Boeing 747-48E,1
Boeing 747-48E(BDSF),4
Boeing 747-48EF/SCD,18
Boeing 747-48EM,1
Boeing 747-48EM(BDSF),7
Boeing 747-4B5,4
Boeing 747-4B5(BCF),5
Boeing 747-4B5(ER/F),2
Boeing 747-4B5F,8
Boeing 747-4B5F/ER/SCD,3
Boeing 747-4B5F/SCD,10
Boeing 747-4D7,7
Boeing 747-4D7(BCF),8
Boeing 747-4EVF/ER/SCD,17
Boeing 747-4F6,3
Boeing 747-4F6(BDSF),1
Boeing 747-4FTF/SCD,4
Boeing 747-4H6,1
Boeing 747-4H6(BCF),3
Boeing 747-4H6(BDSF),5
Boeing 747-4H6F/SCD,2
Boeing 747-4H6M(BCF),1
Boeing 747-4HAF/ER/SCD,14
Boeing 747-4HQF(ER),2
Boeing 747-4HQF/ER,3
Boeing 747-4J6,4
Boeing 747-4J6M,1
Boeing 747-4KZF/SCD,11
Boeing 747-4P8,1
Boeing 747-4Q8,1
Boeing 747-4R7F/SCD,24
Boeing 747-4U3,1
Boeing 747-830,57
Boeing 747-83QF,12
Boeing 747-83QF/SCD,8
Boeing 747-84AF,3
Boeing 747-867F/SCD,21
Boeing 747-87UF,8
Boeing 747-87UF/SCD,14
Boeing 747-89L,3
Boeing 747-8B5,13
Boeing 747-8B5F/SCD,4
Boeing 747-8F,32
Boeing 747-8HTF/SCD,2
Boeing 747-8I,1
Boeing 747-8KB/BBJ,1
Boeing 747-8KZF/SCD,17
Boeing 747-8R7F/SCD,31
Boeing 757-204,3
Boeing 757-208,2
Boeing 757-21B,1
Boeing 757-21K,1
Boeing 757-222,2
Boeing 757-222(PCF),1
Boeing 757-222(SF),1
Boeing 757-223,10
Boeing 757-223(PCF),13
Boeing 757-223(PCF)(WL),6
Boeing 757-224,31
Boeing 757-225,4
Boeing 757-225(PCF),2
Boeing 757-22L,1
Boeing 757-230,6
Boeing 757-230(PCF),2
Boeing 757-231,2
Boeing 757-232,26
Boeing 757-232(PCF),1
Boeing 757-236,13
Boeing 757-236(PCF),3
Boeing 757-236(SF),4
Boeing 757-23A,2
Boeing 757-23A(SF),2
Boeing 757-23APF,2
Boeing 757-23N,5
Boeing 757-23N(PCF)(WL),2
Boeing 757-24APF,8
Boeing 757-251,10
Boeing 757-256,12
Boeing 757-256(PCF),1
Boeing 757-258,3
Boeing 757-25C,1
Boeing 757-25C(PCF),1
Boeing 757-26D,3
Boeing 757-27B,1
Boeing 757-28A,6
Boeing 757-28A(PCF),1
Boeing 757-28A(SF),1
Boeing 757-28S(PCF),2
Boeing 757-29J(F),2
Boeing 757-2B7,1
Boeing 757-2B7(SF),1
Boeing 757-2B7(SF)(WL),1
Boeing 757-2F8C,1
Boeing 757-2G5,3
Boeing 757-2G7,2
Boeing 757-2M6,1
Boeing 757-2Q8,10
Boeing 757-2Q8(PCF),6
Boeing 757-2S7,5
Boeing 757-2T7,3
Boeing 757-2Y0,1
Boeing 757-2Z0,1
Boeing 757-2Z0(PCF),1
Boeing 767-300/ER(BDSF),2
Boeing 767-300F,21
Boeing 767-304/ER,2
Boeing 767-304/ER(BCF),2
Boeing 767-304/ER(BDSF),1
Boeing 767-306/ER,5
Boeing 767-306/ER(BDSF),4
Boeing 767-316(ER)(BDSF),5
Boeing 767-316/ER,7
Boeing 767-316/ER(BCF),21
Boeing 767-316F/ER,14
Boeing 767-319(ER)(BCF),1
Boeing 767-319/ER,8
Boeing 767-319/ER(BDSF),1
Boeing 767-31A/ER,1
Boeing 767-31B/ER,2
Boeing 767-31B/ER(BCF),2
Boeing 767-31K/ER,1
Boeing 767-322/ER,16
Boeing 767-323(BDSF),1
Boeing 767-323/ER,16
Boeing 767-323/ER(BDSF),17
Boeing 767-324/ER(BCF),4
Boeing 767-328/ER(BDSF),3
Boeing 767-32L/ER,1
Boeing 767-330(ER)(BDSF),3
Boeing 767-330/ER,1
Boeing 767-332,4
Boeing 767-332/ER,31
Boeing 767-333/ER,1
Boeing 767-333/ER(BCF),4
Boeing 767-333/ER(BDSF),2
Boeing 767-336/ER,6
Boeing 767-338/ER,4
Boeing 767-338/ER(BCF),5
Boeing 767-338/ER(BDSF),8
Boeing 767-33A/ER,7
Boeing 767-33A/ER(BCF),3
Boeing 767-33A/ER(BDSF),5
Boeing 767-33AER(BCF),1
Boeing 767-33P/ER,2
Boeing 767-33P/ER(BCF),1
Boeing 767-341/ER,1
Boeing 767-341/ER(BDSF),3
Boeing 767-343/ER,1
Boeing 767-346,2
Boeing 767-346/ER,34
Boeing 767-346/ER(BCF),5
Boeing 767-346F/ER,3
Boeing 767-34AF/ER,25
Boeing 767-34G/ER,4
Boeing 767-34P/ER,5
Boeing 767-35D/ER,2
Boeing 767-35HER(BDSF),2
Boeing 767-360/ER(BDSF),1
Boeing 767-36D,1
Boeing 767-36D(ER)(BCF),1
Boeing 767-36D/ER(BCF),1
Boeing 767-36N/ER,2
Boeing 767-36N/ER(BCF),5
Boeing 767-36N/ER(BDSF),1
Boeing 767-375/ER,3
Boeing 767-375/ER(BDSF),2
Boeing 767-381,4
Boeing 767-381/ER,35
Boeing 767-381/ER(BCF),2
Boeing 767-381/ER(BDSF),2
Boeing 767-381F,6
Boeing 767-383/ER,1
Boeing 767-383/ER(BDSF),4
Boeing 767-38A/ER,2
Boeing 767-38E,1
Boeing 767-38E/ER,4
Boeing 767-38EER(BDSF),5
Boeing 767-38EF/ER,2
Boeing 767-39H/ER,1
Boeing 767-3BG/ER,1
Boeing 767-3BG/ER(BCF),5
Boeing 767-3CB/ER,2
Boeing 767-3G5/ER,3
Boeing 767-3JHF,5
Boeing 767-3JHF(ER),2
Boeing 767-3KY/ER,3
Boeing 767-3P6(ER)(BCF),1
Boeing 767-3P6(ER)(BDSF),4
Boeing 767-3P6/ER,5
Boeing 767-3Q8/ER,5
Boeing 767-3Q8/ER(BDSF),4
Boeing 767-3Q8ER(BCF),3
Boeing 767-3Q8ER(BCF)(WL),4
Boeing 767-3S2F/ER,18
Boeing 767-3W0/ER,2
Boeing 767-3Y0/ER,2
Boeing 767-3Z9/ER,4
Boeing 777-200,2
Boeing 777-200LR,2
Boeing 777-206/ER,12
Boeing 777-212/ER,17
Boeing 777-219/ER,7
Boeing 777-21B,1
Boeing 777-21H,1
Boeing 777-21H/ER,1
Boeing 777-21H/LR,10
Boeing 777-222,9
Boeing 777-222/ER,33
Boeing 777-223/ER,36
Boeing 777-224/ER,34
Boeing 777-228/ER,16
Boeing 777-22K/LR,1
Boeing 777-232/ER,2
Boeing 777-232/LR,3
Boeing 777-233/LR,5
Boeing 777-236,1
Boeing 777-236/ER,31
Boeing 777-237/LR,1
Boeing 777-240/ER,3
Boeing 777-243/ER,4
Boeing 777-246,3
Boeing 777-246/ER,7
Boeing 777-258/ER,4
Boeing 777-260/LR,3
Boeing 777-267,3
Boeing 777-268/ER,1
Boeing 777-281,6
Boeing 777-281/ER,34
Boeing 777-289,2
Boeing 777-28E/ER,12
Boeing 777-2AN/ER,1
Boeing 777-2B5/ER,9
Boeing 777-2D7,3
Boeing 777-2D7/ER,2
Boeing 777-2DZ/LR,2
Boeing 777-2FB/LR,1
Boeing 777-2J6,1
Boeing 777-2Q8/ER,12
Boeing 777-2U8/ER,2
Boeing 777-2Z9/ER,4
Boeing 777-300/ER,40
Boeing 777-306/ER,21
Boeing 777-309/ER,12
Boeing 777-312,2
Boeing 777-312/ER,21
Boeing 777-319/ER,13
Boeing 777-31B/ER,27
Boeing 777-31H,9
Boeing 777-31H/ER,44
Boeing 777-322/ER,5
Boeing 777-323/ER,32
Boeing 777-328/ER,14
Boeing 777-32W/ER,13
Boeing 777-333/ER,14
Boeing 777-336/ER,7
Boeing 777-337/ER,11
Boeing 777-340/ER,1
Boeing 777-346,2
Boeing 777-346/ER,14
Boeing 777-35E/ER,21
Boeing 777-35R/ER,3
Boeing 777-360/ER,1
Boeing 777-367,21
Boeing 777-367/ER,69
Boeing 777-368/ER,5
Boeing 777-369/ER,7
Boeing 777-36N/ER,39
Boeing 777-36N/ER(BDSF),1
Boeing 777-36N/ER(SF),16
Boeing 777-381,6
Boeing 777-381/ER,14
Boeing 777-39L/ER,14
Boeing 777-39M/ER,2
Boeing 777-39P/ER,19
Boeing 777-3AL/ER,17
Boeing 777-3B5,1
Boeing 777-3B5/ER,41
Boeing 777-3D7/ER,8
Boeing 777-3DE/ER,7
Boeing 777-3DZ/ER,46
Boeing 777-3F2/ER,14
Boeing 777-3F6/ER,4
Boeing 777-3FG/ER,5
Boeing 777-3FX/ER,10
Boeing 777-3M0/ER,6
Boeing 777-3MO/ER,1
Boeing 777-3SB/ER,1
Boeing 777-3U3(ER),1
Boeing 777-3U3/ER,4
Boeing 777-3U8/ER,2
Boeing 777-3ZG/ER,6
Boeing 777-F,171
Boeing 777-F16,4
Boeing 777-F1B,10
Boeing 777-F1H,28
Boeing 777-F28,2
Boeing 777-F5E,5
Boeing 777-F60,5
Boeing 777-F6N,26
Boeing 777-FB5,13
Boeing 777-FBT,6
Boeing 777-FDZ,20
Boeing 777-FEZ,2
Boeing 777-FF2,1
Boeing 777-FFG,6
Boeing 777-FFT,14
Boeing 777-FFX,6
Boeing 777-FHT,2
Boeing 777-FS2,18
Boeing 777-FZB,1
Boeing 777-FZN,4
Boeing 787-10 Dreamliner,182
Boeing 787-8 BBJ Dreamliner,1
Boeing 787-8 Dreamliner,292
Boeing 787-9 Dreamliner,741
Bombardier BD-700-1A10 Global 6500,22
Bombardier BD-700-1A10 Global Express XRS,3
Bombardier CRJ-705/900/Challenger 890,1
Bombardier CRJ-705ER (CL-600-2D15),9
Bombardier CRJ-900 (CL-600-2D24),23
Bombardier CRJ-900 NG (CL-600-2D24),23
Bombardier CRJ-900ER (CL-600-2D24),6
Bombardier CRJ-900ER NG (CL-600-2D24),3
Bombardier CRJ-900LR (CL-600-2D24),40
Bombardier CRJ-900LR NG (CL-600-2D24),6
Bombardier CSeries CS300 (BD-500-1A11),34
Bombardier DHC-8-4... Q400,1
Bombardier DHC-8-402 Q400,120
Bombardier DHC-8-402 Q400-MR,2
Bombardier DHC-8-402Q Combi Q400CC,1
Bombardier E-11A (BD-700-1A10),2
Bombardier Global 6000 (BD-700-1A10),60
Bombardier Global 6500,4
Bombardier Global Express (BD-700-1A10),32
Bombardier Global Express XRS (BD-700-1A10),9
Cessna  172,3
Cessna 172,1
Cessna 172 N Skyhawk,5
Cessna 172 Skyhawk,5
Cessna 172 Skyhawk II,1
Cessna 172B Skyhawk,1
Cessna 172C,2
Cessna 172D Skyhawk,1
Cessna 172E Skyhawk,1
Cessna 172G Skyhawk,3
Cessna 172H Skyhawk,2
Cessna 172K Skyhawk II,1
Cessna 172L Skyhawk,3
Cessna 172M,4
Cessna 172M Skyhawk,9
Cessna 172M Skyhawk 1,3
Cessna 172M Skyhawk II,3
Cessna 172N,5
Cessna 172N Skyhawk 100,2
Cessna 172N Skyhawk 100 II,4
Cessna 172N Skyhawk 100 II/Air Plains 180HP,1
Cessna 172N Skyhawk II,2
Cessna 172P Skyhawk,8
Cessna 172P Skyhawk II,2
Cessna 172R Skyhawk,6
Cessna 172R Skyhawk II,1
Cessna 172RG Cutlass RG,2
Cessna 172S,2
Cessna 172S Skyhawk,2
Cessna 172S Skyhawk SP,43
Cessna 172SP Skyhawk,2
Cessna 525 Citation CJ1,12
Cessna 525 Citation CJ1+,5
Cessna 525 Citation M2,14
Cessna 525 CitationJet,5
Cessna 525 CitationJet M2,5
Cessna 525A Citation CJ2,19
Cessna 525A Citation CJ2+,22
Cessna 525B Citation CJ3,25
Cessna 525B Citation CJ3+,11
Cessna 525C Citation CJ4,16
Cessna 525C Citation CJ4 Gen2,2
Cessna 526 citationjet M2,1
Cessna 560XL Citation Excel,16
Cessna 560XL Citation XLS,40
Cessna 560XL Citation XLS+,43
Cessna R172K Hawk XP,6
Cessna R172K Hawk XP II,2
Chincul PA-A-28-140 Cherokee Cruiser,1
Chincul PA-A-28-181 Archer II,1
DHC-8-402 Q400-AT,1
De Havilland Canada DHC-8-402 Dash 8 Q400,1
De Havilland Canada DHC-8-402Q Dash 8,7
ERJ-190,4
ERJ-190AR,1
ERJ-190LR,1
Embraer 175LL (ERJ-170-200LL),25
Embraer 175LR (ERJ-170-200LR),133
Embraer 175LT (ERJ-170-200LR),1
Embraer 175STD (ERJ-170-200STD),35
Embraer 175SU (ERJ-170-200SU),3
Embraer 190AR (ERJ-190-100IGW),38
Embraer 190AR (F) (ERJ-190-100IGW),4
Embraer 190LR (ERJ-190-100LR),74
Embraer 190SR (ERJ-190-100SR),24
Embraer 190STD (ERJ-190-100STD),56
Embraer 195AR (ERJ-190-200IGW),19
Embraer 195LR (ERJ-190-200LR),76
Embraer EMB-505 Phenom,4
Embraer EMB-505 Phenom 300,54
Embraer EMB-505 Phenom 300E,37
Embraer ERJ-175,3
Embraer ERJ-190-100STD,4
Embraer ERJ-190AR(F),1
Embraer Lineage 1000 (ERJ-190-100ECJ),9
Embraer Lineage 1000E (ERJ-190-100ECJ),5
Embrarer 170-200LR,8
Glufstream G550,1
Gulfstream Aerospace G-V-SP Gulfstream G500,1
Gulfstream Aerospace G-V-SP Gulfstream G550,36
Gulfstream Aerospace G-V-SP Gulfstream G550 (C-37B),10
Gulfstream Aerospace G500,1
Gulfstream Aerospace GVII-G500,11
Gulfstream G500,2
Gulfstream G550,38
Gulstream Aerospace G-500,1
McDonnell Douglas MD-80 (DC-9-80),1
McDonnell Douglas MD-81 (DC-9-81),8
McDonnell Douglas MD-82 (DC-9-82),44
McDonnell Douglas MD-83 (DC-9-83),40
McDonnell Douglas MD-83 (DC-9-83)SF,1
McDonnell Douglas MD-88,20
McDonnell Douglas MD-88(SF),1
PA-28-181 Cherokee Archer II,2
Pilatus PC-12,1
Pilatus PC-12 NG (PC-12/47E),1
Pilatus PC-12 NGX,22
Pilatus PC-12/45,12
Pilatus PC-12/47,4
Pilatus PC-12/47 (PC-12 NGX),4
Pilatus PC-12/47E,19
Pilatus PC-12/47E (PC-12 NG),21
Pilatus PC-12/47E (PC-12 NGX),19
Pilatus PC-12/47G PRO,10
Piper PA-28-140 Cherokee,4
Piper PA-28-140 Cherokee B,1
Piper PA-28-140 Cherokee C,1
Piper PA-28-140 Cherokee Cruiser,4
Piper PA-28-140 Cherokee E,1
Piper PA-28-140 Cherokee Fliteliner,1
Piper PA-28-150 Cherokee C,1
Piper PA-28-151 Cherokee Warrior,6
Piper PA-28-151 Cherokee Warrior II,1
Piper PA-28-161 Cadet,10
Piper PA-28-161 Cherokee Warrior II,2
Piper PA-28-161 Warrior II,21
Piper PA-28-161 Warrior III,5
Piper PA-28-161 Warrior ll,3
Piper PA-28-161(Centurion) Warrior II,1
Piper PA-28-161(Centurion) Warrior III,1
Piper PA-28-180 Archer,1
Piper PA-28-180 Cherokee,3
Piper PA-28-180 Cherokee Archer,2
Piper PA-28-180 Cherokee B,2
Piper PA-28-180 Cherokee C,7
Piper PA-28-180 Cherokee Challenger,6
Piper PA-28-180 Cherokee D,1
Piper PA-28-180 Cherokee E,1
Piper PA-28-180 Cherokee G,1
Piper PA-28-180(mod) Cherokee Archer,1
Piper PA-28-181 Archer,5
Piper PA-28-181 Archer II,23
Piper PA-28-181 Archer III,10
Piper PA-28-181 Archer LX,1
Piper PA-28-181 Archer TX,8
Piper PA-28-181 Cherokee Archer II,3
Piper PA-28-181 Pilot 100i,2
Piper PA-28-201T Turbo Dakota,2
Piper PA-28-235 Cherokee B,1
Piper PA-28-235 Cherokee C,1
Piper PA-28-235 Cherokee D,1
Piper PA-28R-180 Cherokee Arrow,3
Piper PA-28R-200 Arrow II,2
Piper PA-28R-200 Cherokee Arrow,4
Piper PA-28R-200 Cherokee Arrow II,2
Piper PA-28R-201 Arrow,1
Piper PA-28R-201 Arrow III,3
Piper PA-28R-201T Turbo Arrow,3
Piper PA-28R-201T Turbo Arrow III,2
Piper PA-28RT-201 Arrow IV,3
Piper PA-28RT-201 Cherokee Arrow IV,1
Piper PA-28RT-201T Turbo Arrow IV,8
Reims Cessna F172M,1
Reims Cessna F172P,1
Reims F172D Skyhawk,1
Reims F172G Skyhawk,1
Reims F172H,1
Reims F172H Skyhawk,3
Reims F172L Skyhawk,4
Reims F172M Skyhawk,5
Reims F172N,2
Reims F172N Skyhawk,2
Reims F172N Skyhawk 100,2
Reims F172N Skyhawk 100 II,5
Reims F172N Skyhawk II,3
Reims F172P,1
Reims F172P Skyhawk II,2
Reims FR172E Reims Rocket,2
Reims FR172G Reims Rocket,2
Reims FR172H Reims Rocket,1
Reims FR172J Reims Rocket,2
Reims FR172K Hawk XP II,1
Reims/Cessna F172M Skyhawk II,1
Textron Aviation Inc. 172S,2
